NUTS_ID;Min. Available Area (km2);Max. Available Area (km2);Sum of Available Area (km2);Final Score
DE111;0.3;19.3;79.4;7.22
DE112;0.3;7.4;80.8;7.03
DE113;0.3;8.8;98.0;7.4
DE114;0.3;6.9;65.2;6.26
DE115;0.3;7.9;96.5;7.19
DE116;0.3;3.6;83.6;5.31
DE117;0.3;5.4;19.9;2.58
DE118;0.3;3.9;92.3;5.97
DE119;0.3;3.6;36.7;4.09
DE11A;0.3;6.7;64.5;6.48
DE11B;0.3;2.3;44.1;3.68
DE11C;0.3;6.1;44.9;4.34
DE11D;0.3;10.7;95.6;8.35
DE121;0.3;8.9;14.7;3.69
DE122;0.3;10.4;41.5;4.57
DE123;0.3;4.1;117.2;6.05
DE124;0.3;6.2;62.6;6.09
DE125;0.3;3.6;21.7;1.96
DE126;0.3;5.6;37.3;3.45
DE127;0.3;7.3;60.3;6.7
DE128;0.3;8.9;124.2;8.1
DE129;0.3;6.2;19.7;2.61
DE12A;0.3;4.0;54.9;4.98
DE12B;0.3;3.5;60.7;4.55
DE12C;0.3;2.9;40.1;3.35
DE131;0.3;10.4;30.8;4.64
DE132;0.3;2.9;63.0;4.41
DE133;0.3;4.0;35.9;3.55
DE134;0.3;6.8;123.1;7.74
DE135;0.3;7.1;53.6;6
DE136;0.3;3.7;59.1;4.54
DE137;0.3;3.2;49.8;3.84
DE138;0.0;7.6;66.0;6.81
DE139;0.3;4.3;51.8;4.78
DE13A;0.0;3.3;55.0;4.34
DE141;0.3;7.5;73.1;6.83
DE142;0.3;6.1;49.9;5.14
DE143;0.3;9.5;78.8;7.68
DE144;0.3;4.1;25.1;2.14
DE145;0.3;4.3;69.7;5.56
DE146;0.3;4.1;81.7;5.57
DE147;0.3;8.2;52.7;6.31
DE148;0.3;11.3;69.4;7.8
DE149;0.3;4.8;50.0;5.06
DE211;0.3;8.8;30.0;3.59
DE212;0.3;60.8;204.8;8.81
DE213;0.5;5.3;11.2;1.93
DE214;0.3;4.4;32.8;3.4
DE215;0.0;6.6;25.0;3.55
DE216;0.3;5.5;32.8;3.97
DE217;0.3;10.7;36.2;5.97
DE218;0.3;6.3;29.8;3.19
DE219;0.3;3.0;49.8;4.71
DE21A;0.3;6.5;37.4;5.03
DE21B;0.3;4.7;42.7;4.41
DE21C;0.3;8.5;33.9;5.19
DE21D;0.3;7.1;29.6;4.1
DE21E;0.3;4.1;49.0;4.52
DE21F;0.3;4.9;29.7;2.82
DE21G;0.3;5.2;30.9;3.46
DE21H;0.3;6.3;46.3;4.23
DE21I;0.3;6.0;40.7;4.85
DE21J;0.3;5.4;44.4;4.71
DE21K;0.3;6.1;70.3;5.56
DE21L;0.3;9.3;41.3;4.5
DE21M;0.2;4.2;56.5;4.62
DE21N;0.3;4.8;46.6;4.22
DE221;0.3;17.5;20.7;5.48
DE222;0.3;3.2;12.6;1.47
DE223;0.3;8.6;11.3;2.65
DE224;0.3;4.7;41.8;4.29
DE225;0.3;2.8;25.3;2.69
DE226;0.3;4.1;45.9;3.93
DE227;0.3;3.0;49.5;4.06
DE228;0.3;3.8;71.4;5.11
DE229;0.3;3.7;26.3;2.62
DE22A;0.3;6.7;38.4;5.16
DE22B;0.3;2.1;40.0;2.88
DE22C;0.3;2.4;38.3;2.65
DE231;0.6;4.3;9.9;1.92
DE232;0.3;14.4;30.7;5.76
DE233;0.8;5.1;12.1;2.17
DE234;0.3;5.2;37.9;4.41
DE235;0.3;3.5;49.2;4.27
DE236;0.3;5.6;45.0;4.59
DE237;0.3;2.2;38.0;2.56
DE238;0.3;3.4;59.7;4.5
DE239;0.3;4.4;58.4;4.74
DE23A;0.2;3.3;29.4;2.79
DE241;0.5;9.9;15.7;2.95
DE242;0.4;12.2;17.2;4.84
DE243;0.3;11.8;14.5;5.05
DE244;0.4;7.4;12.6;2.65
DE245;0.3;2.6;49.7;3.61
DE246;0.3;3.3;40.3;3.31
DE247;0.3;3.9;35.7;3.84
DE248;0.3;4.3;36.2;3.72
DE249;0.3;2.7;39.8;2.9
DE24A;0.3;2.9;30.1;2.48
DE24B;0.3;4.6;28.1;3.28
DE24C;0.3;2.3;24.0;1.88
DE24D;0.3;3.2;30.2;2.5
DE251;0.3;7.7;10.2;4.13
DE252;0.3;4.9;16.7;2.53
DE253;0.4;4.1;12.2;1.94
DE254;0.3;11.8;69.2;6.64
DE255;0.4;3.7;7.9;1.69
DE256;0.3;2.5;65.0;4.38
DE257;0.3;6.2;49.8;5.29
DE258;0.3;15.7;37.5;6.25
DE259;0.3;8.7;51.5;6.3
DE25A;0.3;5.0;35.0;4.37
DE25B;0.3;2.3;41.0;2.74
DE25C;0.3;3.5;38.3;4.12
DE261;0.4;2.4;12.5;1.48
DE262;1.4;6.9;10.3;2.36
DE263;0.3;10.9;29.0;4.16
DE264;0.3;4.4;57.3;4.99
DE265;0.3;3.0;46.1;4.18
DE266;0.3;3.4;37.7;3.98
DE267;0.3;3.4;29.2;3.5
DE268;0.3;2.6;34.6;2.96
DE269;0.3;2.9;45.9;3.3
DE26A;0.3;2.1;52.4;3.93
DE26B;0.3;2.2;43.6;3.49
DE26C;0.3;4.9;48.6;4.7
DE271;0.3;10.7;47.6;5.01
DE272;2.3;6.6;9.0;2.16
DE273;0.3;8.3;15.9;2.86
DE274;0.3;8.2;11.1;4.63
DE275;0.3;4.6;46.0;4.76
DE276;0.3;10.0;80.7;7.86
DE277;0.3;4.6;47.0;4.85
DE278;0.3;3.8;54.7;5.14
DE279;0.3;4.6;47.5;4.45
DE27A;0.3;5.8;17.8;3.14
DE27B;0.3;3.5;49.8;4.79
DE27C;0.3;3.2;58.5;4.57
DE27D;0.3;3.2;65.6;4.98
DE27E;0.3;7.0;35.7;5.15
DE300;0.3;192.7;481.8;9.97
DE401;0.3;10.3;22.8;4.73
DE402;0.3;9.9;31.3;4.15
DE403;0.0;9.7;17.8;5.06
DE404;0.3;13.4;41.7;4.62
DE405;0.3;22.7;97.8;9.15
DE406;0.3;38.3;113.1;9.57
DE407;0.3;4.8;82.6;6.86
DE408;0.3;39.5;108.1;9.45
DE409;0.3;10.0;86.5;8.33
DE40A;0.2;15.1;105.8;8.81
DE40B;0.3;5.9;71.9;6.28
DE40C;0.2;16.0;112.8;9.26
DE40D;0.3;5.2;71.5;6.76
DE40E;0.2;10.5;109.4;8.69
DE40F;0.3;5.0;55.8;6.38
DE40G;0.2;9.3;82.5;8.15
DE40H;0.2;8.5;79.5;7.87
DE40I;0.3;4.9;80.6;7
DE501;0.5;50.3;128.9;8.59
DE502;0.4;14.1;31.5;3.83
DE600;0.3;288.8;349.0;10.01
DE711;0.3;13.2;22.8;3.96
DE712;0.3;20.0;77.6;7.8
DE713;0.3;7.8;16.1;2.8
DE714;0.3;21.3;43.5;6.93
DE715;0.3;10.4;70.4;7.41
DE716;0.3;3.7;70.7;4.95
DE717;0.3;8.9;53.9;6.22
DE718;0.3;9.6;56.5;6.14
DE719;0.3;6.1;109.2;7.14
DE71A;0.3;8.3;45.3;5.56
DE71B;0.3;6.4;28.4;4.13
DE71C;0.3;5.2;63.9;5.3
DE71D;0.3;3.6;46.0;4.73
DE71E;0.3;3.1;89.6;5.62
DE721;0.3;5.5;80.7;6.31
DE722;0.3;6.1;93.6;7.04
DE723;0.3;2.9;64.4;4.76
DE724;0.3;10.7;83.2;8.31
DE725;0.3;3.8;47.8;5.08
DE731;0.3;45.8;49.6;5.39
DE732;0.3;18.5;75.0;8.44
DE733;0.3;5.6;47.1;5.13
DE734;0.3;13.5;86.9;8.35
DE735;0.3;6.6;78.8;7.4
DE736;0.3;5.3;70.8;6.52
DE737;0.3;4.7;43.0;5.1
DE803;0.3;10.0;32.4;4.16
DE804;0.3;4.8;22.1;2.39
DE80J;0.2;3.3;110.1;7.16
DE80K;0.3;7.0;85.6;7.7
DE80L;0.3;3.7;79.5;5.42
DE80M;0.3;6.1;57.9;6.47
DE80N;0.2;5.0;106.5;7.48
DE80O;0.3;5.3;121.8;7.88
DE911;0.3;9.3;49.5;5.42
DE912;0.3;4.1;31.7;2.93
DE913;0.3;9.6;37.8;5.47
DE914;0.3;11.3;79.3;7.88
DE916;0.3;7.8;57.8;5.98
DE917;0.3;4.2;38.2;4.09
DE918;0.3;5.7;54.7;6.15
DE91A;0.3;4.7;52.4;4.87
DE91B;0.3;7.9;42.1;5.99
DE91C;0.3;15.6;119.9;9.29
DE922;0.3;13.1;87.3;8.36
DE923;0.3;5.5;55.4;5.35
DE925;0.3;11.5;98.2;8.74
DE926;0.3;6.0;32.4;4.57
DE927;0.3;10.0;62.3;6.78
DE928;0.3;7.2;72.5;6.4
DE929;0.3;24.0;280.6;9.55
DE931;0.3;18.3;91.2;8.61
DE932;0.3;8.6;92.9;7.58
DE933;0.3;11.6;116.9;8.52
DE934;0.3;3.5;29.3;3.03
DE935;0.3;18.6;77.4;8.31
DE936;0.3;8.3;34.2;4.74
DE937;0.3;6.4;97.3;7.49
DE938;0.3;7.0;68.4;6.7
DE939;0.3;8.2;80.7;7.22
DE93A;0.3;5.7;46.1;4.91
DE93B;0.3;8.7;53.7;6.23
DE941;0.3;29.8;31.1;4.15
DE942;0.3;7.8;16.5;3.42
DE943;0.5;48.3;51.0;5.54
DE944;1.6;18.1;40.2;4.7
DE945;0.5;15.8;21.7;3.9
DE946;0.3;7.4;52.3;5.2
DE947;0.3;19.9;89.3;8.71
DE948;0.3;8.3;72.8;6.61
DE949;0.3;15.6;152.7;9.26
DE94A;0.3;6.3;43.6;4.23
DE94B;0.3;14.6;49.8;5.75
DE94C;0.3;11.1;81.8;7.65
DE94D;0.3;7.2;44.7;4.8
DE94E;0.3;5.4;116.5;6.45
DE94F;0.3;8.2;52.1;5.33
DE94G;0.3;9.4;38.8;5.44
DE94H;0.3;3.7;24.6;2.68
DEA11;0.3;33.0;79.3;7.03
DEA12;0.3;30.5;68.2;8.31
DEA13;0.3;9.1;32.2;3.69
DEA14;0.4;33.0;43.9;6.95
DEA15;0.3;59.8;79.6;8.7
DEA16;0.3;0.7;2.3;1.27
DEA17;0.4;159.3;161.0;7.77
DEA18;0.3;16.1;25.2;4.19
DEA19;0.3;69.9;72.6;8.67
DEA1A;0.3;22.8;53.1;6.06
DEA1B;0.0;11.1;90.2;7.62
DEA1C;0.3;8.1;84.1;6.04
DEA1D;0.3;28.2;103.4;9.02
DEA1E;0.3;6.3;69.3;5.17
DEA1F;0.3;8.8;85.8;7.04
DEA22;0.4;38.4;70.4;8.14
DEA23;0.3;53.7;164.5;9.56
DEA24;0.3;20.9;32.4;4.59
DEA26;0.3;7.8;86.7;7.55
DEA27;0.3;10.9;109.6;7.22
DEA28;0.3;6.1;78.2;6.98
DEA29;0.0;7.3;94.1;7.31
DEA2A;0.3;27.6;96.6;9.07
DEA2B;0.3;8.9;48.9;5.57
DEA2C;0.3;14.6;149.3;8.71
DEA2D;0.0;17.7;134.2;8.75
DEA31;0.3;2.8;5.6;1.2
DEA32;0.3;6.9;11.4;2.5
DEA33;0.4;20.1;54.6;6.68
DEA34;0.1;13.6;99.5;7.97
DEA35;0.3;7.2;59.8;5.5
DEA36;0.3;16.5;98.0;8.3
DEA37;0.3;15.7;133.1;8.45
DEA38;0.3;10.7;78.1;6.55
DEA41;0.3;34.3;76.3;7.88
DEA42;0.3;15.2;101.2;8.01
DEA43;0.3;24.6;87.8;8.36
DEA44;0.3;4.2;65.4;5.69
DEA45;0.3;23.2;124.2;9.56
DEA46;0.3;20.5;123.3;9.44
DEA47;0.3;23.7;89.6;8.93
DEA51;0.3;200.8;207.9;9.96
DEA52;0.3;57.3;120.1;9.23
DEA53;0.3;17.4;30.4;5.25
DEA54;0.3;14.6;42.0;4.61
DEA55;0.5;1.1;2.3;1.31
DEA56;0.3;38.4;111.1;8.97
DEA57;0.3;5.1;102.1;6.88
DEA58;0.3;14.6;110.6;8.37
DEA59;0.3;3.6;51.6;4.46
DEA5A;0.3;33.5;114.4;9.5
DEA5B;0.3;10.2;103.0;8.3
DEA5C;0.3;12.3;87.6;6.84
DEB11;0.3;8.2;26.6;3.28
DEB12;0.3;6.0;49.8;5.68
DEB13;0.3;5.1;56.9;5
DEB14;0.3;4.3;53.1;5.08
DEB15;0.3;5.4;36.2;4.88
DEB17;0.3;12.5;68.1;7.67
DEB18;0.3;7.4;56.0;6.25
DEB1A;0.3;5.8;36.7;4.88
DEB1B;0.3;3.0;82.8;5.61
DEB1C;0.3;1.5;23.3;2.22
DEB1D;0.3;2.7;36.0;3.84
DEB21;0.4;14.1;23.8;5.21
DEB22;0.3;3.4;46.9;4.25
DEB23;0.0;5.0;43.1;5.17
DEB24;0.3;3.0;28.9;3.06
DEB25;0.0;3.3;56.4;4.79
DEB31;0.7;5.6;12.4;2.13
DEB32;0.4;8.2;20.3;3.18
DEB33;0.3;4.4;11.0;2.04
DEB34;0.3;6.0;19.0;2.42
DEB35;0.3;19.5;30.3;6.06
DEB36;0.3;9.4;13.6;4.1
DEB37;0.3;4.8;11.6;3.41
DEB38;0.3;6.3;8.8;2.13
DEB39;0.5;6.7;16.5;2.9
DEB3A;0.4;8.3;10.2;4.6
DEB3B;0.3;3.4;43.8;3.67
DEB3C;0.3;4.9;42.3;4.44
DEB3D;0.3;2.4;26.7;2.6
DEB3E;0.0;2.9;38.7;2.9
DEB3F;0.3;3.4;45.0;3.49
DEB3G;0.3;2.5;27.1;2.9
DEB3H;0.0;3.2;37.1;3.6
DEB3I;0.3;4.1;42.0;3.32
DEB3J;0.3;4.6;56.1;4.89
DEB3K;0.0;3.0;46.0;3.81
DEC01;0.0;16.7;96.3;7.69
DEC02;0.3;3.2;49.2;3.55
DEC03;0.4;9.0;47.7;4.72
DEC04;0.3;6.3;62.9;5.21
DEC05;0.0;5.8;54.7;5.28
DEC06;0.3;2.7;43.4;3.15
DED21;0.3;62.5;94.9;9.25
DED2C;0.2;6.8;145.1;7.96
DED2D;0.0;9.0;145.6;8.03
DED2E;0.3;36.9;112.6;9.51
DED2F;0.2;6.0;120.7;7.67
DED41;0.3;58.1;67.5;8.39
DED42;0.0;8.2;158.3;7.8
DED43;0.3;7.1;157.4;8.04
DED44;0.0;16.1;108.4;8.97
DED45;0.3;26.1;151.9;9.46
DED51;0.3;14.4;87.7;7.09
DED52;0.3;7.7;132.0;8.2
DED53;0.3;8.1;102.6;8.23
DEE01;0.3;11.9;28.3;4.77
DEE02;0.3;16.6;44.3;5.14
DEE03;0.3;21.1;54.5;7.17
DEE04;0.3;4.8;50.5;5.77
DEE05;0.3;7.7;84.8;7.58
DEE06;0.3;6.0;53.7;5.93
DEE07;0.3;5.5;108.3;7.34
DEE08;0.3;10.4;84.9;8.4
DEE09;0.3;10.2;112.7;8.49
DEE0A;0.3;6.8;74.7;7.07
DEE0B;0.3;5.5;91.7;6.94
DEE0C;0.3;8.1;94.6;7.73
DEE0D;0.3;7.0;63.1;7.06
DEE0E;0.3;10.3;77.4;7.88
DEF01;0.0;20.2;22.3;3.61
DEF02;0.9;7.5;24.6;2.99
DEF03;0.3;19.1;59.7;6.5
DEF04;0.9;8.7;25.2;3.22
DEF05;0.3;9.3;68.4;7.09
DEF06;0.3;7.1;70.0;7.23
DEF07;0.3;5.4;83.4;6.41
DEF08;0.3;6.7;66.9;5.69
DEF09;0.3;14.5;70.1;7.82
DEF0A;0.3;16.8;60.0;7.72
DEF0B;0.2;11.3;113.3;8.86
DEF0C;0.0;6.7;78.7;6.99
DEF0D;0.3;7.1;67.7;6.38
DEF0E;0.3;9.3;53.5;6.43
DEF0F;0.3;10.8;71.0;7.78
DEG01;0.3;20.4;41.3;6.8
DEG02;0.3;9.1;23.7;4.13
DEG03;0.3;9.6;21.2;3.17
DEG04;0.4;7.8;13.7;2.76
DEG05;0.3;6.8;14.1;3.06
DEG06;0.3;4.4;47.0;5.26
DEG07;0.3;7.2;35.8;5.12
DEG09;0.3;11.4;51.4;7.13
DEG0A;0.3;6.0;39.9;5.49
DEG0B;0.3;6.1;63.3;6.22
DEG0C;0.3;8.0;57.3;6.78
DEG0D;0.3;2.6;33.6;2.99
DEG0E;0.3;4.0;32.3;3.49
DEG0F;0.3;8.3;46.4;6.11
DEG0G;0.3;5.3;33.0;4.54
DEG0H;0.3;7.9;25.0;4.18
DEG0I;0.3;9.2;43.7;6.12
DEG0J;0.3;2.6;33.7;2.9
DEG0K;0.3;5.2;36.2;4.69
DEG0L;0.3;5.9;46.5;5.51
DEG0M;0.3;7.4;32.9;5.46
DEG0N;0.3;7.7;12.7;3.32
DEG0P;0.3;4.1;64.2;5.16
;0.0;3.7;34.2;3.11