NUTS_ID;County;Solar Installed Capacity;Solar Plant Count;Solar Score;Solar Plants Installed after 2010;Wind Installed Capacity;Wind Plant Count;Wind Plants Installed 2010;Wind Score;RES Score
DEB12;Ahrweiler;1566;2;6.00;3;18700;12;7;4.67;5.33
DE275;Aichach-Friedberg;57824;32;8.00;6;24380;10;10;7.00;7.50
DE145;Alb-Donau-Kreis;45391;25;7.67;4;56690;41;11;4.67;6.17
DEG0M;Altenburger Land;85238;47;7.00;24;96950;52;20;5.00;6.00
DEB13;Altenkirchen (Westerwald);3676;5;5.33;8;27500;18;3;4.33;4.83
DEE04;Altmarkkreis Salzwedel;71508;34;7.67;30;403195;216;84;6.00;6.83
DE214;Altötting;43262;29;8.00;2;0;0;0;0.00;4.00
DEB3B;Alzey-Worms;12171;10;7.00;26;406500;170;127;7.00;7.00
DE231;Amberg;680;1;4.67;7;0;0;0;0.00;2.33
DE234;Amberg-Sulzbach;58038;29;8.00;1;56060;21;21;7.33;7.67
DE946;Ammerland;39684;7;6.67;65;51450;40;1;4.67;5.67
DEE05;Anhalt-Bitterfeld;296643;96;9.67;14;449180;251;45;6.00;7.83
DE251;Ansbach;20323;13;5.33;15;13530;4;4;7.00;6.17
DE256;Ansbach;199320;103;8.67;6;137857;64;45;6.33;7.50
DE261;Aschaffenburg;300;1;4.33;1;0;0;0;0.00;2.17
DE264;Aschaffenburg;7010;3;7.00;6;0;0;0;0.00;3.50
DE271;Augsburg;0;0;0.00;0;0;0;0;0.00;0.00
DE276;Augsburg;64790;32;8.00;1;16700;7;7;7.00;7.50
DE947;Aurich;23375;12;7.00;35;1081653;633;235;6.67;6.83
DEB3C;Bad Dürkheim;5969;3;6.67;25;23510;11;6;4.67;5.67
DE265;Bad Kissingen;48119;24;7.33;40;111835;40;39;7.67;7.50
DEB14;Bad Kreuznach;38941;22;4.67;1;163010;71;51;6.33;5.50
DE216;Bad Tölz-Wolfratshausen;4713;4;5.67;4;0;0;0;0.00;2.83
DE121;Baden-Baden;750;2;3.67;82;0;0;0;0.00;1.83
DE241;Bamberg;379;1;2.33;9;0;0;0;0.00;1.17
DE245;Bamberg;70279;25;7.67;2;98825;40;32;6.33;7.00
DE405;Barnim;331692;36;8.33;16;298960;128;69;6.00;7.17
DED2C;Bautzen;159152;44;7.00;71;135110;88;9;5.33;6.17
DE242;Bayreuth;222;1;4.33;19;0;0;0;0.00;2.17
DE246;Bayreuth;39642;28;6.33;7;121500;48;39;6.67;6.50
DE215;Berchtesgadener Land;9519;4;6.67;43;0;0;0;0.00;3.33
DE715;Bergstraße;12904;8;7.00;26;39150;12;12;7.33;7.17
DE300;Berlin;2735;4;6.67;10;12370;5;4;5.67;6.17
DEB22;Bernkastel-Wittlich;69058;41;6.33;9;218650;78;58;6.67;6.50
DE146;Biberach;25293;16;4.67;1;1130;3;1;2.33;3.50
DEA41;Bielefeld;4428;4;6.00;11;6900;4;1;4.00;5.00
DEB15;Birkenfeld;4513;4;5.00;2;116400;54;28;5.00;5.00
DE112;Böblingen;1609;2;3.00;1;0;0;0;0.00;1.50
DEA51;Bochum;0;0;0.00;0;0;0;0;0.00;0.00
DE147;Bodenseekreis;0;0;0.00;0;3000;1;1;6.67;3.33
DEA22;Bonn;0;0;0.00;0;0;0;0;0.00;0.00
DEE07;Börde;114950;46;5.33;1;723330;419;54;6.33;5.83
DEA34;Borken;1894;4;4.00;63;543130;291;121;6.00;5.00
DEA31;Bottrop;799;2;4.00;15;8200;7;2;4.00;4.00
DE401;Brandenburg an der Havel;109141;13;7.00;16;3000;2;0;3.67;5.33
DE911;Braunschweig;0;0;0.00;0;6500;4;0;4.00;2.00
DE132;Breisgau-Hochschwarzwald;11218;8;7.33;1;8030;7;0;4.00;5.67
DE501;Bremen;871;2;4.00;41;111420;59;26;5.00;4.50
DE502;Bremerhaven;0;0;0.00;0;80770;25;12;4.33;2.17
DEE08;Burgenlandkreis;95954;51;7.00;15;512824;257;106;6.00;6.50
DE12A;Calw;3365;5;6.00;21;18110;10;0;4.00;5.00
DE931;Celle;8906;7;7.33;1;162750;102;17;5.33;6.33
DE235;Cham;4768;8;6.00;3;750;1;0;1.67;3.83
DED41;Chemnitz;21803;15;7.33;20;13150;10;5;4.00;5.67
DE948;Cloppenburg;20811;7;7.33;19;426280;224;82;6.00;6.67
DE243;Coburg;1518;1;4.00;2;0;0;0;0.00;2.00
DE247;Coburg;92355;43;7.33;6;26350;12;9;6.00;6.67
DEB1C;Cochem-Zell;21248;12;7.33;6;141394;78;30;5.33;6.33
DEA35;Coesfeld;7351;7;7.33;5;209307;100;40;5.33;6.33
DE402;Cottbus;25970;9;6.00;4;66500;34;1;4.67;5.33
DE932;Cuxhaven;14452;7;6.00;6;785610;522;145;6.67;6.33
DE217;Dachau;26542;18;7.67;7;21118;9;8;6.33;7.00
DE406;Dahme-Spreewald;143065;31;8.00;4;563670;272;135;6.00;7.00
DE711;Darmstadt;0;0;0.00;0;0;0;0;0.00;0.00
DE716;Darmstadt-Dieburg;4820;6;5.00;15;25360;13;8;5.00;5.00
DE224;Deggendorf;140708;75;7.00;6;0;0;0;0.00;3.50
DE941;Delmenhorst;0;0;0.00;0;14500;9;1;4.00;2.00
DEE01;Dessau-Roßlau;10159;6;7.33;13;3000;2;0;3.67;5.50
DE922;Diepholz;29135;38;5.33;1;813855;404;138;6.33;5.83
DE277;Dillingen a.d.Donau;63950;29;7.67;12;15200;7;6;6.00;6.83
DE22C;Dingolfing-Landau;92687;57;8.33;34;2250;2;0;3.33;5.83
DEF05;Dithmarschen;95112;48;7.00;41;1830399;826;575;8.33;7.67
DE27D;Donau-Ries;30030;22;7.67;3;11560;4;4;7.00;7.33
DEB3D;Donnersbergkreis;15787;9;7.33;1;285205;102;79;7.00;7.17
DEA52;Dortmund;3050;1;6.67;5;13000;8;1;4.00;5.33
DED21;Dresden;3307;3;3.67;0;0;0;0;0.00;1.83
DEA12;Duisburg;0;0;0.00;0;0;0;0;0.00;0.00
DEA26;Düren;5237;4;6.33;15;286920;145;68;5.67;6.00
DEA11;Düsseldorf;2000;1;6.33;1;0;0;0;0.00;3.17
DE218;Ebersberg;8393;7;6.67;7;2300;1;1;6.33;6.50
DEG06;Eichsfeld;16191;16;7.67;1;80300;42;22;4.67;6.17
DE219;Eichstätt;90321;37;7.00;12;89284;39;33;6.67;6.83
DEB23;Eifelkreis Bitburg-Prüm;76694;35;8.00;14;440757;261;66;6.00;7.00
DEG0N;Eisenach;10713;7;6.33;9;40300;23;12;4.33;5.33
DE407;Elbe-Elster;253040;115;10.00;29;568690;285;129;6.00;8.00
DE942;Emden;3749;1;6.67;3;65540;29;14;4.67;5.67
DE133;Emmendingen;5273;4;6.00;21;38850;18;8;4.33;5.17
DE949;Emsland;33721;11;6.67;8;1195899;548;241;6.67;6.67
DEA56;Ennepe-Ruhr-Kreis;285;2;3.00;17;9560;10;0;4.00;3.50
DE12B;Enzkreis;4005;5;5.00;15;33000;11;11;7.33;6.17
DE21A;Erding;14400;16;5.00;4;0;0;0;0.00;2.50
DEG01;Erfurt;14229;14;5.00;3;45000;33;7;4.67;4.83
DE252;Erlangen;0;0;0.00;0;0;0;0;0.00;0.00
DE257;Erlangen-Höchstadt;84054;13;7.33;6;28875;11;11;7.33;7.33
DED42;Erzgebirgskreis;30594;19;7.33;22;34060;52;2;5.00;6.17
DEA13;Essen;0;0;0.00;0;3720;2;1;3.67;1.83
DE113;Esslingen;2294;3;3.67;18;0;0;0;0.00;1.83
DEA28;Euskirchen;9817;6;4.67;15;248715;144;68;5.67;5.17
DEF01;Flensburg;1796;2;5.67;35;200;1;0;1.33;3.50
DE248;Forchheim;28334;10;7.33;2;1500;1;0;2.67;5.00
DEB31;Frankenthal (Pfalz);0;0;0.00;0;0;0;0;0.00;0.00
DE403;Frankfurt (Oder);5718;7;7.33;5;15100;9;0;4.00;5.67
DE712;Frankfurt am Main;0;0;0.00;0;0;0;0;0.00;0.00
DE131;Freiburg im Breisgau;2764;2;3.67;0;5400;3;0;4.00;3.83
DE21B;Freising;60491;37;8.33;1;7100;3;2;5.00;6.67
DE12C;Freudenstadt;12084;16;7.67;4;25400;16;2;4.33;6.00
DE225;Freyung-Grafenau;11532;18;7.67;1;200;1;0;1.33;4.50
DE94A;Friesland;5728;6;6.67;14;282295;165;71;5.67;6.17
DE732;Fulda;15205;22;7.67;3;26800;13;9;5.33;6.50
DE21C;Fürstenfeldbruck;35356;23;6.33;33;6100;2;2;7.00;6.67
DE253;Fürth;2307;4;3.33;0;0;0;0;0.00;1.67
DE258;Fürth;21948;15;5.33;2;44390;19;15;6.00;5.67
DE21D;Garmisch-Partenkirchen;5110;7;7.33;12;0;0;0;0.00;3.67
DEA32;Gelsenkirchen;0;0;0.00;0;6200;4;2;4.00;2.00
DEG02;Gera;9851;6;7.33;26;4650;2;2;7.00;7.17
DEB3E;Germersheim;3446;3;6.00;25;84460;36;18;4.67;5.33
DE721;Gießen;31650;16;7.67;4;23520;9;9;7.00;7.33
DE914;Gifhorn;12296;6;7.33;87;129600;68;19;5.00;6.17
DE114;Göppingen;3054;6;6.33;22;102320;57;18;5.00;5.67
DED2D;Görlitz;106058;42;8.33;17;202900;122;18;5.33;6.83
DE916;Goslar;22116;10;7.00;11;33150;20;5;4.33;5.67
DEG0C;Gotha;49931;28;8.00;7;238225;107;60;5.67;6.83
DE91C;Göttingen;39251;26;7.00;5;114775;60;30;5.00;6.00
DE94B;Grafschaft Bentheim;3920;1;6.67;11;167010;78;29;5.33;6.00
DEG0L;Greiz;58919;21;4.67;1;23550;18;2;4.33;4.50
DE717;Groß-Gerau;1700;1;4.67;4;0;0;0;0.00;2.33
DE278;Günzburg;61114;28;7.00;13;9600;4;4;7.00;7.00
DEA42;Gütersloh;7511;11;7.33;25;81150;41;20;4.67;6.00
DEA53;Hagen;0;0;0.00;0;6900;5;0;4.00;2.00
DEE02;Halle (Saale);25319;11;7.33;21;0;0;0;0.00;3.67
DE600;Hamburg;853;3;3.33;5;121240;66;36;5.33;4.33
DE923;Hameln-Pyrmont;6568;3;4.67;8;155700;72;45;5.67;5.17
DEA54;Hamm;0;0;0.00;0;22000;16;2;4.33;2.17
DE933;Harburg;5381;5;7.00;1;138550;72;21;5.00;6.00
DEE09;Harz;95940;51;7.67;12;219764;123;36;5.33;6.50
DE267;Haßberge;76348;33;7.00;24;29300;13;11;6.33;6.67
DE408;Havelland;84846;25;6.67;15;352187;194;33;5.67;6.17
DE938;Heidekreis;14549;6;7.33;11;360450;175;104;6.33;6.83
DE125;Heidelberg;307;1;2.33;2;0;0;0;0.00;1.17
DE11C;Heidenheim;23261;13;7.00;27;113800;42;34;6.67;6.83
DE117;Heilbronn;0;0;0.00;0;0;0;0;0.00;0.00
DE118;Heilbronn;15252;16;7.67;34;60700;21;21;7.33;7.50
DEA29;Heinsberg;1130;2;5.33;4;258470;147;50;5.67;5.50
DE917;Helmstedt;12229;7;5.00;8;103200;56;2;5.00;5.00
DEA43;Herford;4678;3;4.00;3;23945;23;0;4.33;4.17
DEA55;Herne;0;0;0.00;0;0;0;0;0.00;0.00
DE733;Hersfeld-Rotenburg;18168;27;7.67;23;161140;68;43;5.67;6.67
DEF06;Herzogtum Lauenburg;13374;3;7.00;9;98475;64;18;5.00;6.00
DEG0E;Hildburghausen;19586;15;7.33;7;14450;5;4;5.67;6.50
DE925;Hildesheim;17978;10;7.33;20;141940;81;20;5.33;6.33
DEA57;Hochsauerlandkreis;15659;17;7.67;2;269375;132;59;5.67;6.67
DE718;Hochtaunuskreis;5419;5;7.00;49;23500;9;9;7.00;7.00
DE244;Hof;14931;5;7.00;6;0;0;0;0.00;3.50
DE249;Hof;109772;41;7.00;29;229575;104;84;7.33;7.17
DE119;Hohenlohekreis;14725;16;6.33;23;28000;12;5;4.33;5.33
DE926;Holzminden;4629;4;6.00;56;49500;33;5;4.67;5.33
DEA44;Höxter;32602;29;8.00;13;234010;187;37;5.67;6.83
DEG0F;Ilm-Kreis;18414;18;7.67;2;6400;8;0;4.00;5.83
DE211;Ingolstadt;2868;3;3.67;1;0;0;0;0.00;1.83
DEG03;Jena;0;0;0.00;0;3000;2;0;3.67;1.83
DEE06;Jerichower Land;63477;17;7.00;20;285550;147;35;5.67;6.33
DEB3F;Kaiserslautern;16363;16;7.00;30;82300;33;19;5.00;6.00
DEB32;Kaiserslautern;6823;4;7.00;8;3075;1;1;6.67;6.83
DE122;Karlsruhe;1167;2;5.33;13;3000;2;1;3.67;4.50
DE123;Karlsruhe;14593;14;6.33;85;2000;1;1;6.33;6.33
DE731;Kassel;0;0;0.00;0;0;0;0;0.00;0.00
DE734;Kassel;55132;31;8.00;1;200815;126;49;5.67;6.83
DE272;Kaufbeuren;2036;1;6.33;50;0;0;0;0.00;3.17
DE226;Kelheim;109533;109;9.67;3;4350;3;2;5.00;7.33
DE273;Kempten (Allgäu);1811;1;6.00;24;0;0;0;0.00;3.00
DEF02;Kiel;0;0;0.00;0;75;1;0;1.33;0.67
DE268;Kitzingen;87711;50;7.33;9;25942;14;4;4.33;5.83
DEA1B;Kleve;17783;7;6.00;3;331510;197;86;5.67;5.83
DEB11;Koblenz;0;0;0.00;0;100;1;0;1.33;0.67
DEA23;Köln;0;0;0.00;0;0;0;0;0.00;0.00
DE138;Konstanz;27507;18;6.33;3;1500;1;0;2.67;4.50
DEA14;Krefeld;0;0;0.00;0;3750;5;0;3.67;1.83
DE24A;Kronach;14307;28;6.67;12;17860;9;5;4.33;5.50
DE24B;Kulmbach;73842;25;4.67;7;73200;33;28;6.67;5.67
DEB3G;Kusel;6425;5;6.67;14;129590;54;27;5.00;5.83
DEG0A;Kyffhäuserkreis;81648;49;8.00;16;251250;123;47;5.33;6.67
DE722;Lahn-Dill-Kreis;20609;9;6.67;61;118395;53;41;6.67;6.67
DEB33;Landau in der Pfalz;2426;2;6.33;10;0;0;0;0.00;3.17
DE21E;Landsberg am Lech;74303;41;6.67;5;10000;4;2;4.00;5.33
DE221;Landshut;2600;4;6.00;52;3300;1;1;6.67;6.33
DE227;Landshut;122500;95;9.33;4;11160;5;4;5.67;7.50
DE94C;Leer;5917;4;7.00;67;253795;116;51;5.33;6.17
DED51;Leipzig;17867;8;5.67;64;15450;10;4;4.00;4.83
DED52;Leipzig;151868;69;9.00;6;126310;88;14;5.33;7.17
DEA24;Leverkusen;0;0;0.00;0;4600;2;2;7.00;3.50
DE24C;Lichtenfels;37915;16;7.67;6;8340;3;3;7.00;7.33
DE723;Limburg-Weilburg;16027;7;7.33;8;105250;44;35;6.33;6.83
DE27A;Lindau (Bodensee);2579;3;6.67;7;0;0;0;0.00;3.33
DEA45;Lippe;27968;25;4.67;1;180720;118;29;5.33;5.00
DE139;Lörrach;2248;1;6.33;8;26900;9;8;6.33;6.33
DEF03;Lübeck;0;0;0.00;0;3500;3;1;3.67;1.83
DE934;Lüchow-Dannenberg;10342;2;6.33;13;102350;71;15;5.00;5.67
DE115;Ludwigsburg;1348;1;5.33;44;2000;1;1;6.33;5.83
DEB34;Ludwigshafen am Rhein;2090;1;6.33;6;0;0;0;0.00;3.17
DE80O;Ludwigslust-Parchim;248737;81;8.33;10;720050;359;152;6.33;7.33
DE935;Lüneburg;4593;6;6.33;5;245140;112;46;5.33;5.83
DEE03;Magdeburg;15858;10;7.00;11;15780;6;1;4.00;5.50
DE719;Main-Kinzig-Kreis;8916;7;7.33;9;239010;97;63;6.33;6.83
DE26A;Main-Spessart;95815;33;5.00;1;105125;48;17;4.67;4.83
DE11B;Main-Tauber-Kreis;47495;21;7.67;1;272090;135;73;6.00;6.83
DE71A;Main-Taunus-Kreis;1003;2;5.33;2;0;0;0;0.00;2.67
DEB35;Mainz;0;0;0.00;0;15800;7;4;4.33;2.17
DEB3J;Mainz-Bingen;9639;12;4.33;11;74910;43;28;5.67;5.00
DE126;Mannheim;1081;2;4.00;24;0;0;0;0.00;2.00
DEE0A;Mansfeld-Südharz;188119;87;9.33;2;343340;219;47;6.00;7.67
DE724;Marburg-Biedenkopf;16763;12;6.00;12;200210;89;67;7.00;6.50
DE409;Märkisch-Oderland;284094;57;6.67;2;537130;274;60;6.00;6.33
DEA58;Märkischer Kreis;289;3;4.00;23;40560;33;6;4.67;4.33
DEB17;Mayen-Koblenz;15441;13;5.67;5;55270;22;21;7.00;6.33
DE80J;Mecklenburgische Seenplatte;272548;114;10.00;10;695460;323;168;6.33;8.17
DED2E;Meißen;126393;31;8.00;3;163420;80;38;5.33;6.67
DE274;Memmingen;1268;2;4.00;24;0;0;0;0.00;2.00
DEC02;Merzig-Wadern;24708;6;7.33;1;164685;67;47;6.33;6.83
DEA1C;Mettmann;0;0;0.00;0;2435;4;1;3.33;1.67
DE21F;Miesbach;1011;2;5.33;9;0;0;0;0.00;2.67
DE269;Miltenberg;23126;13;7.33;11;16800;7;7;7.00;7.17
DEA46;Minden-Lübbecke;21156;20;6.33;12;73104;75;14;5.00;5.67
DED43;Mittelsachsen;96837;67;9.00;44;280400;207;33;6.00;7.50
DEA15;Mönchengladbach;0;0;0.00;0;21000;10;1;4.00;2.00
DE21G;Mühldorf a.Inn;17612;28;8.00;7;0;0;0;0.00;4.00
DEA16;Mülheim an der Ruhr;0;0;0.00;0;2300;1;1;6.33;3.17
DE212;München;1600;1;5.67;49;1500;1;0;2.67;4.17
DE21H;München;7482;8;4.67;10;3500;1;1;6.67;5.67
DEA33;Münster;1013;1;3.33;2;47580;21;14;5.33;4.33
DE127;Neckar-Odenwald-Kreis;26307;15;6.33;10;85930;39;21;5.00;5.67
DE279;Neu-Ulm;5448;6;7.33;2;2000;1;0;3.33;5.33
DE21I;Neuburg-Schrobenhausen;81413;28;8.00;31;5880;5;0;4.00;6.00
DE236;Neumarkt i.d.OPf.;191111;48;8.33;11;162264;68;54;6.67;7.50
DEF04;Neumünster;0;0;0.00;0;0;0;0;0.00;0.00
DEC03;Neunkirchen;20141;11;7.33;3;47860;19;19;7.33;7.33
DE25A;Neustadt a.d.Aisch-Bad Windsheim;98276;43;8.33;6;142700;60;42;6.33;7.33
DE237;Neustadt a.d.Waldnaab;75601;40;8.33;2;9600;4;4;7.00;7.67
DEB36;Neustadt an der Weinstraße;1750;2;6.00;2;0;0;0;0.00;3.00
DEB18;Neuwied;6294;3;6.00;17;0;0;0;0.00;3.00
DE927;Nienburg (Weser);41405;28;8.00;56;348715;227;45;6.00;7.00
DEF07;Nordfriesland;110550;52;8.67;1;2101571;787;582;8.33;8.50
DEG07;Nordhausen;37548;26;7.67;32;89170;38;24;5.33;6.50
DED53;Nordsachsen;165300;72;7.00;2;128360;98;16;5.33;6.17
DE80M;Nordwestmecklenburg;71226;36;8.00;20;242380;149;64;5.67;6.83
DE918;Northeim;21276;19;7.67;113;43150;33;9;4.67;6.17
DE254;Nürnberg;0;0;0.00;0;0;0;0;0.00;0.00
DE259;Nürnberger Land;6284;9;7.00;15;32491;11;8;5.67;6.33
DE27E;Oberallgäu;25706;16;7.33;14;10100;6;0;4.00;5.67
DEA2A;Oberbergischer Kreis;0;0;0.00;0;27400;23;4;4.33;2.17
DEA17;Oberhausen;0;0;0.00;0;0;0;0;0.00;0.00
DE40A;Oberhavel;36829;11;6.33;14;140470;77;20;5.33;5.83
DE40B;Oberspreewald-Lausitz;337940;67;9.00;4;507902;196;140;7.00;8.00
DE71B;Odenwaldkreis;5565;5;7.00;58;48025;18;14;6.00;6.50
DE40C;Oder-Spree;116569;29;7.00;13;274920;140;41;5.67;6.33
DE71C;Offenbach;7443;3;5.67;31;0;0;0;0.00;2.83
DE713;Offenbach am Main;2595;1;5.33;14;0;0;0;0.00;2.67
DE94D;Oldenburg;30101;4;7.00;5;305450;133;64;5.67;6.33
DE943;Oldenburg (Oldb);134;1;4.33;28;9150;3;3;7.00;5.67
DEA59;Olpe;59;1;4.00;5;28850;24;2;4.33;4.17
DE134;Ortenaukreis;18706;11;7.00;34;108860;44;29;5.67;6.33
DE944;Osnabrück;300;2;2.67;37;150;1;0;1.33;2.00
DE94E;Osnabrück;32070;17;7.67;29;476898;207;91;6.00;6.83
DE11D;Ostalbkreis;34885;24;7.67;7;228055;90;62;6.33;7.00
DE27B;Ostallgäu;67720;26;8.00;3;72554;39;15;4.67;6.33
DE936;Osterholz;18181;4;5.00;18;133295;72;34;5.00;5.00
DEF08;Ostholstein;6522;5;6.67;14;563426;320;73;6.33;6.50
DE40D;Ostprignitz-Ruppin;146367;52;7.00;10;394370;299;69;6.00;6.50
DEA47;Paderborn;14284;17;6.00;40;1064065;545;327;7.33;6.67
DE222;Passau;4754;3;6.00;40;0;0;0;0.00;3.00
DE228;Passau;111652;104;9.67;1;600;1;0;1.67;5.67
DE91A;Peine;5136;5;6.67;29;116380;59;17;5.00;5.83
DE21J;Pfaffenhofen a.d.Ilm;34396;34;6.00;4;26550;10;9;6.33;6.17
DE129;Pforzheim;0;0;0.00;0;0;0;0;0.00;0.00
DEF09;Pinneberg;1258;3;5.67;16;22500;14;4;4.33;5.00
DEB37;Pirmasens;0;0;0.00;0;0;0;0;0.00;0.00
DEF0A;Plön;0;0;0.00;0;43450;39;3;4.67;2.33
DE404;Potsdam;7788;1;7.00;41;0;0;0;0.00;3.50
DE40E;Potsdam-Mittelmark;74079;13;4.33;1;350080;177;59;5.67;5.00
DE40F;Prignitz;150631;25;6.67;26;1036730;562;184;6.67;6.67
DE124;Rastatt;12522;6;4.33;0;0;0;0;0.00;2.17
DE148;Ravensburg;23677;13;7.33;13;2600;2;0;3.67;5.50
DEA36;Recklinghausen;946;2;4.67;32;130197;64;34;5.33;5.00
DE229;Regen;6499;16;7.67;7;36;1;0;1.00;4.33
DE232;Regensburg;0;0;0.00;0;500;1;0;1.33;0.67
DE238;Regensburg;74203;55;5.67;1;20600;9;7;5.67;5.67
DE929;Region Hannover;1916;5;5.00;21;386825;246;52;6.00;5.50
DEC01;Regionalverband Saarbrücken;42783;22;7.00;25;21000;7;7;7.00;7.00
DE116;Rems-Murr-Kreis;681;2;4.67;5;9900;3;3;7.00;5.83
DEA18;Remscheid;0;0;0.00;0;0;0;0;0.00;0.00
DEF0B;Rendsburg-Eckernförde;92097;24;7.33;81;360640;150;102;6.67;7.00
DE141;Reutlingen;4144;5;6.00;34;7100;10;0;4.00;5.00
DEA27;Rhein-Erft-Kreis;7208;6;6.00;19;207832;96;49;5.33;5.67
DEB1D;Rhein-Hunsrück-Kreis;24743;18;7.00;21;736135;286;226;7.67;7.33
DEA1D;Rhein-Kreis Neuss;4752;6;7.33;1;103920;46;24;4.67;6.00
DEB1A;Rhein-Lahn-Kreis;2860;3;3.67;3;20470;17;5;4.33;4.00
DE128;Rhein-Neckar-Kreis;23786;10;5.33;2;3000;1;1;6.67;6.00
DEB3I;Rhein-Pfalz-Kreis;5593;4;7.00;1;36450;17;8;4.33;5.67
DEA2C;Rhein-Sieg-Kreis;5049;3;4.67;3;1500;1;0;2.67;3.67
DE71D;Rheingau-Taunus-Kreis;2810;7;7.00;4;53130;23;19;6.33;6.67
DEA2B;Rheinisch-Bergischer Kreis;0;0;0.00;0;225;1;0;1.33;0.67
DE266;Rhön-Grabfeld;17361;21;7.33;25;47200;14;14;7.33;7.33
DE213;Rosenheim;0;0;0.00;0;0;0;0;0.00;0.00
DE21K;Rosenheim;6543;6;6.33;64;0;0;0;0.00;3.17
DE803;Rostock;5745;3;4.00;1;9075;12;1;4.33;4.17
DE80K;Rostock;160420;59;7.67;6;713895;338;176;6.33;7.00
DE937;Rotenburg (Wümme);13065;6;6.00;37;243210;166;37;5.67;5.83
DE25B;Roth;53640;23;7.00;9;45810;19;13;5.33;6.17
DE22A;Rottal-Inn;68179;51;8.67;16;2100;3;0;3.33;6.00
DE135;Rottweil;4755;13;6.67;40;29050;20;4;4.33;5.50
DEG0J;Saale-Holzland-Kreis;26316;14;7.33;1;109145;63;24;5.00;6.17
DEG0K;Saale-Orla-Kreis;34258;14;6.67;14;47107;30;9;4.67;5.67
DEE0B;Saalekreis;173086;69;8.67;30;487950;263;75;6.00;7.33
DEG0I;Saalfeld-Rudolstadt;5696;8;7.33;3;600;1;0;1.67;4.50
DEC04;Saarlouis;21319;10;6.00;15;34100;13;13;7.33;6.67
DEC05;Saarpfalz-Kreis;7777;6;7.33;24;18850;8;7;6.33;6.83
DED2F;Sächsische Schweiz-Osterzgebirge;21085;13;6.00;3;39445;47;3;4.67;5.33
DE912;Salzgitter;1563;2;6.00;2;130650;65;19;5.00;5.50
DEE0C;Salzlandkreis;138714;89;8.67;7;748530;416;88;6.33;7.50
DE928;Schaumburg;12941;10;7.33;3;23750;28;2;4.67;6.00
DEF0C;Schleswig-Flensburg;204170;28;7.67;55;943310;428;258;7.00;7.33
DEG0B;Schmalkalden-Meiningen;34186;26;8.00;4;600;1;0;1.67;4.83
DE255;Schwabach;340;1;3.67;13;0;0;0;0.00;1.83
DE11A;Schwäbisch Hall;24680;29;5.00;4;311987;109;90;7.33;6.17
DE735;Schwalm-Eder-Kreis;30043;29;8.00;1;108990;48;31;5.67;6.83
DE239;Schwandorf;56645;34;5.67;10;32780;12;12;7.33;6.50
DE136;Schwarzwald-Baar-Kreis;17692;15;7.33;1;20145;15;2;4.33;5.83
DE262;Schweinfurt;3000;1;6.00;19;0;0;0;0.00;3.00
DE26B;Schweinfurt;21889;24;7.67;3;106560;45;36;6.33;7.00
DE804;Schwerin;10656;4;5.00;4;500;1;0;1.33;3.17
DEF0D;Segeberg;2400;1;6.33;8;120760;53;31;5.67;6.00
DEA5A;Siegen-Wittgenstein;429;3;2.33;4;84975;42;20;4.67;3.50
DE149;Sigmaringen;36702;19;5.33;5;20650;9;5;4.33;4.83
DEA5B;Soest;20334;24;7.67;18;275825;276;43;6.00;6.83
DEA19;Solingen;0;0;0.00;0;0;0;0;0.00;0.00
DEG0D;Sömmerda;17878;21;7.33;29;229350;103;53;5.33;6.33
DEG0H;Sonneberg;2141;3;4.33;4;0;0;0;0.00;2.17
DEB38;Speyer;446;1;4.33;87;0;0;0;0.00;2.17
DE40G;Spree-Neiße;303680;94;6.33;0;202900;97;31;5.33;5.83
DEC06;St. Wendel;24226;17;7.67;3;209000;92;62;6.33;7.00
DE939;Stade;1900;3;4.33;28;506780;253;96;6.00;5.17
DEA2D;Städteregion Aachen;16205;6;7.33;52;232955;106;48;5.33;6.33
DE21L;Starnberg;6789;4;7.00;6;12040;5;4;5.67;6.33
DEF0E;Steinburg;54204;20;7.33;19;634770;303;123;6.33;6.83
DEA37;Steinfurt;25214;24;7.67;3;557555;297;102;6.00;6.83
DEE0D;Stendal;90880;45;8.33;1;824975;378;177;6.33;7.33
DEF0F;Stormarn;1270;1;4.67;5;57980;37;4;4.67;4.67
DE223;Straubing;24216;13;4.67;12;0;0;0;0.00;2.33
DE22B;Straubing-Bogen;94567;88;8.00;28;7200;2;2;7.00;7.50
DE111;Stuttgart;0;0;0.00;0;500;1;0;1.33;0.67
DEB3H;Südliche Weinstraße;0;0;0.00;0;27780;11;8;5.67;2.83
DEB3K;Südwestpfalz;22081;12;7.33;4;145160;61;28;5.00;6.17
DEG04;Suhl;1309;3;4.33;4;0;0;0;0.00;2.17
DE40H;Teltow-Fläming;84470;31;7.67;104;807860;403;143;6.33;7.00
DE23A;Tirschenreuth;37272;14;6.00;11;18290;14;6;4.33;5.17
DE21M;Traunstein;24410;22;6.67;32;4800;4;0;4.00;5.33
DEB21;Trier;6669;2;4.67;31;1320;2;0;2.67;3.67
DEB25;Trier-Saarburg;57411;21;7.33;67;176357;95;39;5.33;6.33
DE142;Tübingen;293;2;2.33;11;0;0;0;0.00;1.17
DE137;Tuttlingen;12774;14;7.00;26;19800;11;5;4.33;5.67
DE40I;Uckermark;176038;32;8.00;1;1308160;645;245;6.67;7.33
DE93A;Uelzen;5356;8;7.00;38;222847;122;34;5.33;6.17
DE144;Ulm;6517;1;7.00;4;0;0;0;0.00;3.50
DEA5C;Unna;1120;2;3.33;4;38370;40;5;4.67;4.00
DEG09;Unstrut-Hainich-Kreis;45178;37;8.00;22;143525;77;30;5.33;6.67
DE27C;Unterallgäu;80670;51;7.00;19;11400;14;2;4.33;5.67
DE94F;Vechta;0;0;0.00;0;195640;90;35;5.33;2.67
DE93B;Verden;18076;9;4.33;1;187450;99;35;5.33;4.83
DEA1E;Viersen;1980;1;5.67;10;78380;50;16;4.67;5.17
DE725;Vogelsbergkreis;16140;15;7.33;7;442000;258;120;6.00;6.67
DED44;Vogtlandkreis;19755;16;7.67;1;58400;27;16;5.33;6.50
DE80N;Vorpommern-Greifswald;244424;84;6.33;0;773180;436;140;6.33;6.33
DE80L;Vorpommern-Rügen;212982;57;7.67;28;427850;262;68;6.00;6.83
DEB24;Vulkaneifel;10862;8;7.33;14;150700;86;27;5.33;6.33
DE736;Waldeck-Frankenberg;29310;20;7.33;78;198200;116;55;5.33;6.33
DE13A;Waldshut;5027;6;4.33;2;1300;2;0;2.67;3.50
DEA38;Warendorf;4928;5;7.00;1;310200;189;62;5.67;6.33
DEG0P;Wartburgkreis;40790;26;6.67;21;110620;66;21;5.00;5.83
DE233;Weiden i.d.OPf.;4243;5;6.33;101;0;0;0;0.00;3.17
DE21N;Weilheim-Schongau;28894;18;5.33;17;600;1;0;1.67;3.50
DEG05;Weimar;759;1;4.00;16;0;0;0;0.00;2.00
DEG0G;Weimarer Land;52858;33;7.67;35;115780;57;39;6.00;6.83
DE25C;Weißenburg-Gunzenhausen;52580;23;7.33;27;125447;57;39;6.00;6.67
DE737;Werra-Meißner-Kreis;16820;17;7.67;1;95550;34;32;7.33;7.50
DEA1F;Wesel;6860;4;7.00;1;127435;67;34;5.00;6.00
DE94G;Wesermarsch;11161;7;7.33;1;398135;171;101;6.33;6.83
DEB1B;Westerwaldkreis;51993;30;8.00;3;154480;94;34;5.33;6.67
DE71E;Wetteraukreis;10197;7;6.67;87;55800;34;14;4.67;5.67
DE714;Wiesbaden;0;0;0.00;0;0;0;0;0.00;0.00
DE945;Wilhelmshaven;10640;2;6.67;24;62300;21;10;4.33;5.50
DEE0E;Wittenberg;84834;38;8.33;2;303765;204;44;6.00;7.17
DE94H;Wittmund;12593;6;7.33;3;418025;199;103;5.67;6.50
DE91B;Wolfenbüttel;8884;3;4.00;1;150975;82;11;5.33;4.67
DE913;Wolfsburg;0;0;0.00;0;26150;19;1;4.33;2.17
DEB39;Worms;897;1;5.00;10;40100;17;10;5.00;5.00
DE24D;Wunsiedel i.Fichtelgebirge;20119;16;6.67;18;82990;36;30;6.67;6.67
DEA1A;Wuppertal;0;0;0.00;0;600;1;0;1.67;0.83
DE263;Würzburg;2028;2;3.33;0;0;0;0;0.00;1.67
DE26C;Würzburg;101380;30;6.67;4;170991;86;47;5.67;6.17
DE143;Zollernalbkreis;4389;11;7.33;4;0;0;0;0.00;3.67
DEB3A;Zweibrücken;0;0;0.00;0;7200;3;3;7.00;3.50
DED45;Zwickau;35895;27;6.67;10;110252;62;23;5.00;5.83