NUTS_ID;Operating Hours [h/a];CO2 captured [t/a];PV share [%];Power Installed [kw];Capacity Battery [kwh];Cost of Electricity [€/tCO2];Cost of Heat - CAPEX [€/tCO2];Additional Costs [€/tCO2];CAPEX DAC [€/tCO2];Total Costs [€/tCO2];Score_technology;Score_total;Score_location
DEB12;1979;113001;0.99;19610;6890;12;142;100;287;495;3;7;8
DE275;2110;120481;1.00;19965;4404;11;140;94;269;468;4;7;6
DE145;2331;133100;1.00;21684;5648;11;139;85;244;432;5;8;6
DEG0M;2062;117740;0.99;18882;4451;11;141;96;275;477;4;7;8
DEB13;1900;108490;1.00;20064;4439;12;142;104;299;512;3;7;8
DEE04;5656;322958;0.37;35542;7367;12;129;35;100;230;10;10;9
DE214;2493;142350;0.98;23858;6827;12;138;80;228;411;5;8;6
DEB3B;1997;114029;1.00;20061;4501;12;141;99;284;491;4;7;7
DE231;2184;124706;0.99;20852;6200;12;140;91;260;456;4;7;6
DE234;2316;132244;1.00;22400;6416;12;139;86;245;435;5;8;7
DE946;5219;298005;0.10;23472;7163;10;130;38;109;241;9;10;9
DEE05;2138;122080;1.00;19841;6154;11;140;93;266;464;4;7;8
DE251;1898;108376;0.99;18596;4489;11;142;105;299;512;3;7;7
DE256;1980;113058;1.00;19111;4936;11;142;100;287;494;3;7;7
DE261;1971;112544;1.00;20461;4188;12;142;101;288;496;3;7;7
DE264;1904;108718;0.98;18629;5936;12;142;104;298;511;3;7;6
DE271;2094;119567;1.00;20218;3774;11;141;95;271;471;4;7;6
DE276;2180;124478;1.00;20309;4509;11;140;91;260;456;4;7;7
DE947;5626;321245;0.38;23182;6822;8;129;35;101;227;10;10;9
DEB3C;1933;110374;1.00;18959;4844;12;142;103;294;504;3;7;7
DE265;1966;112259;1.00;20179;4564;12;142;101;289;497;3;7;7
DEB14;2035;116199;0.99;20619;5056;12;141;98;279;483;4;7;7
DE216;2176;124250;1.00;19603;4337;10;140;91;261;456;4;7;6
DE121;1997;114029;1.00;19888;4353;11;141;99;284;490;4;7;6
DE241;1814;103579;1.00;17434;5247;12;143;109;313;531;3;7;7
DE245;1842;105178;0.99;18612;3947;12;143;108;308;525;3;7;7
DE405;6182;352992;0.38;38995;7852;12;129;32;92;218;10;10;9
DED2C;1810;103351;1.00;17996;3921;11;143;110;314;532;3;7;8
DE242;2094;119567;1.00;21276;4573;12;141;95;271;472;4;7;7
DE246;2337;133443;1.00;23707;5750;12;139;85;243;432;5;8;7
DE215;1933;110374;1.00;16640;4391;10;142;103;294;503;3;7;6
DE715;1740;99354;1.00;17001;4714;12;144;114;326;550;2;6;7
DE300;2021;115399;1.00;19940;5854;12;141;98;281;486;4;7;8
DEB22;1822;104036;1.00;17543;5509;12;143;109;312;529;3;7;8
DE146;2371;135384;1.00;21064;6166;11;138;84;239;426;5;8;7
DEA41;6004;342828;0.41;39179;7983;12;129;33;95;222;10;10;9
DEB15;1972;112601;1.00;20501;4568;12;142;101;288;496;3;7;8
DE112;2102;120024;0.99;19959;5040;11;141;94;270;470;4;7;7
DEA51;5641;322101;0.39;35681;7841;12;129;35;101;231;10;10;9
DE147;2341;133671;1.00;21243;6447;11;139;85;243;431;5;8;6
DEA22;1808;103237;1.00;18142;5236;12;143;110;314;533;3;7;8
DEE07;5358;305942;0.40;34730;8898;12;130;37;106;239;10;10;9
DEA34;4475;255523;0.10;24507;6855;12;131;44;127;268;9;9;9
DEA31;5826;332665;0.44;39259;7305;12;129;34;97;226;10;10;8
DE401;2010;114771;1.00;19844;5082;12;141;99;282;488;4;7;8
DE911;5244;299432;0.40;33436;7574;12;130;38;108;241;9;10;9
DE132;2223;126933;1.00;21406;5505;11;140;89;255;449;5;7;5
DE501;5839;333407;0.38;33714;7081;11;129;34;97;225;10;10;9
DE502;5385;307484;0.15;23523;7200;10;129;37;105;235;10;10;9
DEE08;2043;116655;1.00;18232;5698;11;141;97;278;481;4;7;8
DE12A;2147;122594;1.00;21287;4413;11;140;92;264;462;4;7;7
DE931;4471;255294;0.27;26610;8046;12;131;44;127;268;9;9;9
DE235;2338;133500;1.00;24027;4489;12;139;85;243;432;5;8;6
DED41;2056;117398;0.99;20136;3877;11;141;97;276;479;4;7;8
DE948;5134;293151;0.10;24554;6590;11;130;39;111;244;9;9;9
DE243;5350;305485;0.44;38854;15393;14;130;37;106;241;9;10;8
DE247;2196;125392;1.00;21924;5399;12;140;90;259;454;4;7;7
DEB1C;2050;117055;1.00;21173;4655;12;141;97;277;480;4;7;8
DEA35;5310;303201;0.44;33805;7961;12;130;37;107;239;9;10;9
DE402;5804;331408;0.39;36066;9915;12;129;34;98;227;10;10;9
DE932;5040;287784;0.02;20445;6610;10;130;39;113;245;9;9;9
DE217;2062;117740;1.00;19321;4376;11;141;96;275;477;4;7;7
DE406;2069;118140;0.99;19917;6505;12;141;96;274;477;4;7;8
DE711;1931;110260;1.00;19805;3970;12;142;103;294;504;3;7;6
DE716;1853;105806;1.00;17480;5570;12;143;107;306;522;3;7;6
DE224;2162;123450;0.99;20507;5864;11;140;92;263;460;4;7;6
DE941;5437;310453;0.04;26059;7511;11;129;37;104;235;10;10;9
DEE01;2012;114885;1.00;20299;3993;11;141;99;282;487;4;7;8
DE922;4847;276764;0.02;24361;6637;12;130;41;117;254;9;9;9
DE277;2045;116770;0.98;19298;3981;11;141;97;278;481;4;7;7
DE22C;2263;129217;0.99;21007;6592;11;139;88;251;443;5;7;6
DEF05;4912;280475;0.40;24371;6560;9;130;40;116;249;9;9;9
DE27D;2064;117854;1.00;19393;4713;11;141;96;275;477;4;7;7
DEB3D;1934;110431;1.00;19538;4403;12;142;103;294;504;3;7;7
DEA52;4926;281275;0.40;30076;7417;11;130;40;115;251;9;9;9
DED21;2133;121794;0.99;19887;6424;12;140;93;266;465;4;7;8
DEA12;1898;108376;1.00;21345;4151;13;142;105;299;513;3;7;8
DEA26;5121;292409;0.40;32281;7181;12;130;39;111;245;9;9;8
DEA11;4916;280704;0.39;31015;7077;12;130;40;115;252;9;9;9
DE218;2123;121223;1.00;20069;4776;11;140;93;267;466;4;7;6
DEG06;1894;108147;1.00;17730;6532;12;143;105;300;513;3;7;8
DE219;2020;115342;1.00;19554;4385;11;141;98;281;486;4;7;6
DEB23;4810;274651;0.42;31421;10932;13;130;41;118;256;9;9;8
DE407;2116;120824;0.99;20072;6582;12;140;94;268;468;4;7;8
DE942;5257;300175;0.22;20245;6020;8;130;38;108;237;10;10;9
DE133;1984;113286;1.00;18136;5391;11;142;100;286;493;3;7;6
DE949;5094;290867;0.04;24224;7529;11;130;39;111;245;9;9;9
DEA56;5317;303601;0.43;34329;7770;12;130;37;107;239;9;10;9
DE12B;2090;119339;1.00;21124;4883;12;141;95;272;473;4;7;7
DE21A;2077;118597;1.00;19981;4608;11;141;96;273;475;4;7;6
DEG01;2160;123336;1.00;18928;6824;11;140;92;263;460;4;7;8
DE252;5237;299033;0.49;39104;12225;13;130;38;108;243;9;9;8
DE257;1955;111631;1.00;19248;4559;11;142;102;290;499;3;7;8
DED42;2046;116827;1.00;18422;6183;11;141;97;277;481;4;7;8
DEA13;5464;311994;0.38;34136;8095;12;129;36;104;235;10;10;9
DE113;2228;127219;1.00;21198;4391;11;140;89;255;448;5;7;7
DEA28;4566;260719;0.43;29784;6564;12;131;43;124;264;9;9;9
DEF01;5301;302687;0.38;24641;7040;9;130;37;107;237;10;10;9
DE248;2123;121223;1.00;21511;4368;11;140;93;267;467;4;7;7
DEB31;1794;102437;1.00;17977;4256;12;144;111;316;536;2;6;7
DE403;2037;116313;0.99;18539;6699;12;141;97;279;483;4;7;8
DE712;2079;118711;1.00;20548;4955;12;141;95;273;475;4;7;7
DE131;1972;112601;1.00;19050;4367;11;142;101;288;495;3;7;6
DE21B;2110;120481;1.00;19646;4906;11;140;94;269;468;4;7;6
DE12C;2012;114885;1.00;18668;5303;11;141;99;282;487;4;7;6
DE225;2296;131102;0.99;20721;6550;11;139;86;247;438;5;7;6
DE94A;5414;309139;0.20;22319;6340;9;129;37;105;234;10;10;9
DE732;1824;104150;0.99;19220;4424;12;143;109;311;530;3;7;8
DE21C;2096;119682;1.00;19735;4396;11;141;95;271;471;4;7;6
DE253;2196;125392;1.00;20779;6544;12;140;90;259;454;4;7;7
DE258;2072;118311;1.00;20643;4402;11;141;96;274;476;4;7;7
DE21D;2285;130474;1.00;20988;4434;10;139;87;248;439;5;7;6
DEA32;4691;267856;0.67;42592;7295;14;131;42;121;261;9;9;8
DEG02;4467;255066;0.53;32443;7046;12;131;44;127;269;9;9;8
DEB3E;2066;117969;1.00;20259;5064;11;141;96;275;477;4;7;7
DE721;1936;110546;1.00;20512;4328;12;142;103;293;504;3;7;8
DE914;4273;243988;0.09;23852;7068;13;131;46;133;277;9;9;9
DE114;2085;119054;0.99;18265;6307;11;141;95;272;473;4;7;7
DED2D;2117;120881;0.99;20532;5894;12;140;94;268;468;4;7;8
DE916;2069;118140;1.00;21392;4264;12;141;96;274;477;4;7;8
DEG0C;2040;116484;1.00;19746;4378;11;141;97;278;482;4;7;7
DE91C;1920;109632;1.00;19173;4812;12;142;103;296;507;3;7;8
DE94B;4625;264088;0.09;24146;6605;12;131;43;123;262;9;9;9
DEG0L;4770;272367;0.47;33923;7059;12;130;42;119;257;9;9;8
DE717;1981;113115;1.00;20054;4396;12;142;100;287;494;3;7;7
DE278;2229;127276;0.99;19089;7004;11;139;89;255;448;5;7;6
DEA42;5923;338203;0.39;38854;6427;12;129;34;96;224;10;10;9
DEA53;5416;309254;0.39;33863;7646;12;129;37;105;236;10;10;9
DEE02;5047;288184;0.44;34499;10385;13;130;39;112;248;9;9;8
DE600;4734;270311;0.09;23162;6526;11;130;42;120;257;9;9;9
DE923;4526;258435;0.05;24635;6703;12;131;44;125;266;9;9;9
DEA54;5305;302916;0.39;31702;11322;12;130;37;107;240;9;10;9
DE933;4925;281218;0.15;25399;7105;11;130;40;115;251;9;9;9
DEE09;2586;147661;0.62;21195;8791;14;137;77;220;401;6;8;8
DE267;2000;114200;1.00;20062;4379;12;141;99;284;490;4;7;7
DE408;2143;122365;1.00;21299;5640;12;140;93;265;463;4;7;8
DE938;4680;267228;0.05;24075;6765;12;131;42;121;260;9;9;9
DE125;2030;115913;1.00;20816;4659;12;141;98;280;484;4;7;7
DE11C;4820;275222;0.52;35325;15759;14;130;41;118;257;9;9;7
DE117;2082;118882;1.00;19894;5082;11;141;95;273;474;4;7;7
DE118;2122;121166;0.98;19894;6786;12;140;94;268;467;4;7;7
DEA29;6079;347111;0.42;39121;7836;12;129;33;93;220;10;10;9
DE917;5150;294065;0.38;33103;6870;12;130;39;110;244;9;9;9
DEA43;4595;262375;0.07;24842;7189;12;131;43;124;264;9;9;9
DEA55;4313;246272;0.08;24363;7355;13;131;46;132;276;9;9;8
DE733;1941;110831;0.99;19005;5049;12;142;102;292;502;3;7;8
DEF06;4970;283787;0.10;23913;7259;11;130;40;114;249;9;9;9
DEG0E;1836;104836;0.99;18634;4100;12;143;108;309;526;3;7;7
DE925;4779;272881;0.02;26421;6845;13;130;42;119;257;9;9;9
DEA57;5393;307940;0.39;34675;7725;12;129;37;105;237;10;10;8
DE718;2120;121052;1.00;20938;6391;12;140;94;268;468;4;7;8
DE244;2046;116827;1.00;19807;4436;11;141;97;277;481;4;7;8
DE249;1970;112487;0.99;18047;5928;11;142;101;288;496;3;7;7
DE119;2214;126419;0.99;20969;7102;12;140;90;256;451;4;7;8
DE926;1870;106777;1.00;18641;5306;12;143;106;304;518;3;7;8
DEA44;5093;290810;0.42;33071;8810;12;130;39;111;246;9;9;8
DEG0F;4965;283502;0.46;35399;14616;14;130;40;114;252;9;9;8
DE211;2121;121109;0.99;20608;4789;11;140;94;268;467;4;7;6
DEG03;2012;114885;1.00;18267;4594;11;141;99;282;487;4;7;8
DEE06;5787;330438;0.37;37199;9521;12;129;34;98;227;10;10;9
DEB32;2339;133557;0.66;22369;6929;15;139;85;243;435;5;8;7
DEB3F;2146;122537;1.00;22135;5298;12;140;92;265;463;4;7;7
DE122;2130;121623;1.00;20902;5045;11;140;93;267;465;4;7;7
DE123;2134;121851;1.00;21262;4965;12;140;93;266;465;4;7;7
DE731;2051;117112;0.99;20064;6462;12;141;97;277;480;4;7;8
DE734;1957;111745;1.00;20250;4511;12;142;101;290;499;3;7;8
DE272;2064;117854;0.99;18522;5003;11;141;96;275;477;4;7;6
DE226;2080;118768;1.00;19712;4910;11;141;95;273;474;4;7;7
DE273;2241;127961;1.00;20746;4714;11;139;89;253;446;5;7;7
DEF02;5681;324385;0.38;19966;6480;7;129;35;100;225;10;10;9
DE268;2103;120081;0.99;20994;4385;11;141;94;270;470;4;7;7
DEA1B;5543;316505;0.41;33944;9621;11;129;36;102;233;10;10;9
DEB11;5262;300460;0.37;37407;9077;13;130;38;108;243;9;9;8
DEA23;1974;112715;1.00;20297;4614;12;142;101;288;496;3;7;8
DE138;2099;119853;0.99;18090;7075;11;141;95;270;471;4;7;6
DEA14;1718;98098;1.00;18316;4445;12;145;116;330;557;2;6;8
DE24A;2146;122537;1.00;21335;5006;12;140;92;265;463;4;7;7
DE24B;2229;127276;0.99;21302;6575;12;139;89;255;449;5;7;7
DEB3G;1692;96613;1.00;18706;3179;12;145;117;336;564;2;6;8
DEG0A;2010;114771;1.00;19165;4710;11;141;99;282;488;4;7;8
DE722;1806;103123;0.99;19074;4739;12;143;110;314;534;3;7;8
DEB33;2066;117969;1.00;20689;4773;12;141;96;275;477;4;7;7
DE21E;2136;121966;1.00;19739;4793;11;140;93;266;464;4;7;6
DE221;2196;125392;0.99;21377;5288;11;140;90;259;454;4;7;6
DE227;2323;132643;0.99;22365;6538;12;139;85;244;434;5;8;7
DE94C;4813;274822;0.10;19916;6918;9;130;41;118;253;9;9;9
DED51;2061;117683;1.00;19340;5040;11;141;96;275;478;4;7;8
DED52;2282;130302;0.99;20688;6268;11;139;87;249;440;5;7;7
DEA24;2329;132986;0.60;20597;7651;15;139;85;244;437;5;8;8
DE24C;1966;112259;1.00;19635;4562;12;142;101;289;497;3;7;7
DE723;1776;101410;1.00;19053;3791;12;144;112;320;541;2;6;7
DE27A;1839;105007;0.96;16236;6627;12;143;108;309;525;3;7;6
DEA45;4170;238107;0.38;26596;7088;12;132;48;136;281;9;9;9
DE139;2047;116884;0.77;20438;6151;15;141;97;277;484;4;7;6
DEF03;5271;300974;0.34;26274;5972;10;130;38;108;238;10;10;9
DE934;4838;276250;0.12;26411;6851;12;130;41;117;254;9;9;9
DE115;2153;122936;1.00;20988;4928;11;140;92;264;461;4;7;7
DEB34;1988;113515;1.00;20421;4384;12;142;100;286;493;3;7;7
DE80O;4821;275279;0.06;22897;7101;11;130;41;118;254;9;9;9
DE935;5138;293380;0.05;26554;6350;12;130;39;110;245;9;9;9
DEE03;1955;111631;1.00;18796;4643;11;142;102;290;499;3;7;8
DE719;1862;106320;1.00;18989;4746;12;143;107;305;520;3;7;7
DE26A;1903;108661;1.00;18650;4929;12;142;104;298;511;3;7;7
DE11B;1952;111459;1.00;19915;3906;12;142;102;291;500;3;7;8
DE71A;1910;109061;1.00;18568;5264;12;142;104;297;509;3;7;7
DEB35;1709;97584;1.00;17928;3197;12;145;116;332;559;2;6;7
DEB3J;1946;111117;0.99;18869;5391;12;142;102;292;501;3;7;7
DE126;1823;104093;0.99;17679;5220;12;143;109;311;529;3;7;7
DEE0A;1931;110260;0.99;17861;4505;11;142;103;294;504;3;7;8
DE724;1867;106606;1.00;19435;4678;12;143;106;304;519;3;7;8
DEA58;5243;299375;0.44;33253;10807;12;130;38;108;242;9;10;9
DE409;2093;119510;0.99;21047;6182;12;141;95;271;473;4;7;8
DEB17;5359;305999;0.38;37231;9958;13;130;37;106;240;9;10;8
DE80J;4756;271568;0.11;23735;6850;11;130;42;119;257;9;9;9
DED2E;2838;162050;0.56;21330;9329;14;136;70;200;373;6;8;8
DE274;2192;125163;1.00;20002;4765;11;140;91;259;454;4;7;6
DEC02;1732;98897;1.00;18444;4190;12;144;115;328;553;2;6;8
DEA1C;2024;115570;1.00;21538;4856;12;141;98;280;486;4;7;8
DE21F;2134;121851;1.00;18962;4491;10;140;93;266;463;4;7;6
DE269;1907;108890;1.00;18651;5850;12;142;104;298;510;3;7;7
DEA46;4500;256950;0.08;23777;7332;12;131;44;126;267;9;9;9
DED43;1985;113344;0.98;18617;4790;11;142;100;286;493;3;7;8
DEA15;1993;113800;0.99;19446;6918;12;142;100;285;492;3;7;8
DE21G;2353;134356;1.00;22155;6692;11;139;84;241;430;5;8;6
DEA16;5509;314564;0.39;34848;8044;12;129;36;103;234;10;10;9
DE212;2148;122651;1.00;20413;4882;11;140;92;264;462;4;7;6
DE21H;2118;120938;1.00;20663;3803;11;140;94;268;467;4;7;6
DEA33;4200;239820;0.16;24155;7654;13;131;47;135;280;9;9;9
DE127;1986;113401;1.00;20318;4534;12;142;100;286;493;3;7;7
DE21I;4498;256836;0.56;38260;8669;14;131;44;126;269;9;9;7
DE236;2091;119396;0.99;20631;4603;11;141;95;272;472;4;7;6
DEF04;4880;278648;0.15;21760;6537;10;130;41;116;251;9;9;9
DEC03;1851;105692;0.97;18104;6580;13;143;107;307;523;3;7;8
DE25A;2185;124764;0.76;21250;7567;15;140;91;260;459;4;7;7
DE237;2165;123622;1.00;20452;6076;11;140;92;262;459;4;7;7
DEB36;1991;113686;0.99;19876;4415;12;142;100;285;492;4;7;7
DE279;2080;118768;1.00;19160;4670;11;141;95;273;474;4;7;6
DEB18;1825;104208;1.00;18974;4587;12;143;109;311;529;3;7;8
DE927;4563;260547;0.09;24764;5952;12;131;43;124;265;9;9;9
DEF07;5264;300574;0.24;20483;6769;8;130;38;108;237;10;10;9
DEG07;1589;90732;0.85;15936;6919;15;146;125;357;597;1;6;8
DED53;3284;187516;0.53;23406;9690;13;134;60;173;334;7;9;8
DE80M;5688;324785;0.22;19537;5157;7;129;35;100;225;10;10;9
DE918;1874;107005;0.99;19183;4408;12;143;106;303;517;3;7;8
DE254;1953;111516;1.00;18404;4868;11;142;102;291;499;3;7;7
DE259;4829;275736;0.41;36643;6589;14;130;41;118;257;9;9;7
DE27E;2268;129503;1.00;19955;5954;11;139;88;250;442;5;7;6
DEA2A;2736;156226;0.49;21865;10133;15;136;73;208;386;6;8;8
DEA17;5497;313879;0.39;35091;6853;12;129;36;103;234;10;10;9
DE40A;4980;284358;0.07;27311;6977;12;130;40;114;250;9;9;9
DE40B;2103;120081;0.99;20410;5685;12;141;94;270;470;4;7;8
DE71B;1831;104550;0.99;18980;4155;12;143;108;310;528;3;7;7
DE40C;2094;119567;0.99;20735;6387;12;141;95;271;472;4;7;8
DE71C;2018;115228;1.00;19151;5564;11;141;98;281;486;4;7;7
DE713;2003;114371;0.99;19524;4957;12;141;99;283;489;4;7;7
DE94D;5257;300175;0.06;25508;6772;11;130;38;108;240;9;10;9
DE943;5163;294807;0.11;23976;7694;10;130;38;110;243;9;9;9
DEA59;1782;101752;1.00;18702;5037;12;144;111;319;540;2;6;8
DE134;1929;110146;1.00;18705;4259;11;142;103;294;504;3;7;5
DE944;4609;263174;0.13;24853;7501;12;131;43;123;263;9;9;8
DE94E;4804;274308;0.18;26377;7060;12;130;41;118;255;9;9;9
DE11D;2131;121680;1.00;20026;5101;11;140;93;266;465;4;7;6
DE27B;2180;124478;1.00;19823;4751;11;140;91;260;456;4;7;6
DE936;5092;290753;0.06;22685;6557;10;130;39;111;244;9;9;9
DEF08;5382;307312;0.33;24399;6464;9;129;37;105;235;10;10;9
DE40D;4775;272653;0.14;26787;7492;12;130;42;119;257;9;9;9
DEA47;5425;309768;0.43;33906;10924;12;129;37;105;236;10;10;9
DE222;2426;138525;0.99;22137;6485;11;138;82;234;419;5;8;7
DE228;2489;142122;1.00;23168;6274;11;138;80;228;410;5;8;6
DE91A;1963;112087;1.00;20048;4654;12;142;101;289;498;3;7;8
DE21J;2026;115685;1.00;18980;4544;11;141;98;280;484;4;7;6
DE129;2101;119967;1.00;20281;6550;12;141;94;270;471;4;7;7
DEF09;4840;276364;0.03;22179;7035;11;130;41;117;253;9;9;9
DEB37;5442;310738;0.44;39035;12652;13;129;36;104;238;10;10;8
DEF0A;5317;303601;0.31;23859;8409;9;130;37;107;237;10;10;9
DE404;2056;117398;0.99;20383;5570;12;141;97;276;479;4;7;8
DE40E;2133;121794;1.00;21661;4818;12;140;93;266;465;4;7;8
DE40F;4900;279790;0.06;25982;7756;12;130;41;116;253;9;9;9
DE124;2159;123279;0.99;20249;7196;12;140;92;263;461;4;7;7
DE148;2270;129617;0.99;20739;4810;11;139;87;250;441;5;7;6
DEA36;5377;307027;0.41;33773;8743;12;130;37;106;238;10;10;9
DE229;2086;119111;1.00;19846;5917;11;141;95;272;473;4;7;6
DE232;2129;121566;1.00;20092;5617;11;140;93;267;465;4;7;7
DE238;4979;284301;0.59;42007;16997;15;130;40;114;253;9;9;7
DE929;4585;261804;0.04;24342;7304;12;131;43;124;264;9;9;9
DEC01;5558;317362;0.43;39548;14873;14;129;36;102;235;10;10;8
DEA18;1791;102266;0.98;19345;4193;13;144;111;317;538;2;6;8
DE116;1968;112373;0.99;18566;4581;11;142;101;288;496;3;7;7
DEF0B;5707;325870;0.05;15890;6283;7;129;35;99;224;10;10;9
DE141;2138;122080;1.00;19213;4807;11;140;93;266;463;4;7;6
DEA27;2024;115570;1.00;20102;5422;12;141;98;280;485;4;7;8
DE71D;1906;108833;1.00;19637;4379;12;142;104;298;510;3;7;8
DEB1D;5088;290525;0.43;38104;8998;14;130;39;112;248;9;9;8
DEA2B;1846;105407;0.99;19135;4723;12;143;108;308;524;3;7;8
DEA1D;5249;299718;0.43;33012;9445;12;130;38;108;241;9;10;9
DEB1A;1860;106206;0.99;18870;5134;12;143;107;305;521;3;7;8
DE128;2006;114543;1.00;20024;5166;12;141;99;283;489;4;7;7
DEB3I;2111;120538;1.00;21858;4447;12;140;94;269;469;4;7;7
DEA2C;2707;154570;0.55;22206;9605;15;136;73;210;388;6;8;8
DE266;2215;126477;1.00;22556;6505;12;140;90;256;452;4;7;7
DE213;2240;127904;1.00;20858;4406;11;139;89;253;446;5;7;6
DE21K;2243;128075;1.00;20552;5055;11;139;88;253;446;5;7;6
DE803;5632;321587;0.35;26009;6956;9;129;35;101;228;10;10;9
DE80K;5012;286185;0.06;20807;6787;10;130;40;113;246;9;9;9
DE937;4921;280989;0.07;24527;6912;11;130;40;115;251;9;9;9
DE25B;1919;109575;1.00;18140;5045;11;142;103;296;507;3;7;7
DE22A;2536;144806;1.00;24352;6706;11;137;78;224;405;6;8;6
DE135;1880;107348;1.00;18367;3798;11;143;106;302;515;3;7;6
DEG0J;2096;119682;1.00;18950;4624;11;141;95;271;471;4;7;8
DEE0B;2080;118768;1.00;19081;5856;11;141;95;273;474;4;7;8
DEG0K;2046;116827;0.99;19531;4395;11;141;97;277;480;4;7;8
DEG0I;2013;114942;1.00;18766;5495;11;141;99;282;487;4;7;7
DEC04;2005;114486;1.00;21096;4873;12;141;99;283;490;4;7;8
DEC05;5506;314393;0.40;38835;9933;13;129;36;103;236;10;10;8
DED2F;1967;112316;0.99;19217;4881;12;142;101;289;497;3;7;8
DE912;2051;117112;1.00;20888;4409;12;141;97;277;480;4;7;8
DEE0C;1997;114029;1.00;19013;4203;11;141;99;284;490;4;7;8
DE928;4599;262603;0.11;25308;6995;12;131;43;123;263;9;9;8
DEF0C;5279;301431;0.29;23791;7820;9;130;38;108;238;10;10;9
DEG0B;2034;116141;1.00;20830;4384;12;141;98;279;483;4;7;7
DE255;2090;119339;1.00;20526;4403;11;141;95;272;472;4;7;7
DE11A;1950;111345;1.00;18867;4636;11;142;102;291;500;3;7;7
DE735;2107;120310;1.00;21395;4559;12;140;94;269;470;4;7;8
DE239;2318;132358;1.00;22679;5484;11;139;86;245;435;5;8;7
DE136;1953;111516;1.00;18645;4502;11;142;102;291;499;3;7;5
DE262;2035;116199;1.00;19971;5043;12;141;98;279;483;4;7;7
DE26B;1921;109689;1.00;20230;3220;12;142;103;296;507;3;7;7
DE804;5061;288983;0.07;23556;7394;11;130;39;112;246;9;9;9
DEF0D;5124;292580;0.05;22123;6155;10;130;39;111;243;9;9;9
DEA5A;5408;308797;0.40;36602;9701;13;129;37;105;238;10;10;8
DE149;2152;122879;1.00;19232;5064;11;140;92;264;461;4;7;6
DEA5B;5309;303144;0.41;31943;10015;11;130;37;107;239;9;10;9
DEA19;1694;96727;0.99;18010;4263;12;145;117;335;563;2;6;8
DEG0D;2113;120652;1.00;20580;3980;11;140;94;269;468;4;7;7
DEG0H;2107;120310;1.00;21570;4247;12;140;94;269;470;4;7;7
DEB38;2090;119339;1.00;21160;4810;12;141;95;272;473;4;7;7
DE40G;2830;161593;0.50;20738;9741;14;136;70;201;375;6;8;8
DEC06;1839;105007;1.00;19929;3966;12;143;108;309;526;3;7;8
DE939;5010;286071;0.15;24515;6679;11;130;40;113;247;9;9;9
DEA2D;5175;295493;0.39;29202;7760;11;130;38;110;242;9;9;8
DE21L;2250;128475;1.00;21264;4734;11;139;88;252;445;5;7;6
DEF0E;4988;284815;0.19;23107;7533;10;130;40;114;248;9;9;9
DEA37;4638;264830;0.04;24464;7067;12;131;43;122;262;9;9;9
DEE0D;5802;331294;0.41;38584;6814;12;129;34;98;227;10;10;9
DEF0F;4939;282017;0.10;24023;6733;11;130;40;115;250;9;9;9
DE223;2168;123793;1.00;20868;5211;11;140;92;262;459;4;7;6
DE22B;4304;245758;0.70;36293;24239;15;131;46;132;279;9;9;6
DE111;2178;124364;1.00;21312;4368;11;140;91;261;457;4;7;6
DEB3H;1985;113344;1.00;19811;4456;12;142;100;286;493;3;7;7
DEB3K;2085;119054;0.99;20092;7915;12;141;95;272;474;4;7;8
DEG04;2067;118026;1.00;20774;4482;12;141;96;275;477;4;7;7
DE40H;2104;120138;1.00;20018;6469;12;141;94;270;470;4;7;8
DE23A;1973;112658;0.99;18779;5480;12;142;101;288;495;3;7;7
DE21M;2118;120938;1.00;19973;4276;11;140;94;268;467;4;7;6
DEB21;1879;107291;1.00;18559;5190;12;143;106;302;516;3;7;8
DEB25;1917;109461;1.00;20613;4154;12;142;104;296;508;3;7;8
DE142;2152;122879;0.99;19732;5174;11;140;92;264;461;4;7;6
DE137;1972;112601;1.00;17393;4996;11;142;101;288;495;3;7;6
DE40I;5201;296977;0.37;31310;7461;11;130;38;109;242;9;9;9
DE93A;4784;273166;0.07;25351;6704;12;130;41;119;256;9;9;9
DE144;2154;122993;1.00;20259;4592;11;140;92;264;461;4;7;6
DEA5C;5496;313822;0.41;33354;9954;11;129;36;103;234;10;10;9
DEG09;1906;108833;1.00;18045;5238;11;142;104;298;510;3;7;7
DE27C;2100;119910;1.00;19371;4418;11;141;95;270;470;4;7;7
DE94F;4766;272139;0.05;23463;8471;12;130;42;119;257;9;9;9
DE93B;4833;275964;0.03;23931;7098;12;130;41;117;254;9;9;9
DEA1E;5483;313079;0.42;34301;7683;11;129;36;104;234;10;10;9
DE725;1861;106263;1.00;19283;4583;12;143;107;305;520;3;7;8
DED44;4201;239877;0.57;29840;15709;13;131;47;135;281;9;9;8
DE80N;5574;318275;0.30;19965;6490;7;129;36;102;228;10;10;9
DE80L;5949;339688;0.39;20572;7032;7;129;33;95;218;10;10;9
DEB24;1963;112087;1.00;20729;4369;12;142;101;289;498;3;7;8
DE736;1782;101752;0.99;18505;4806;12;144;111;319;540;2;6;8
DE13A;2251;128532;1.00;22300;4710;11;139;88;252;445;5;7;6
DEA38;5294;302287;0.41;32796;8838;12;130;37;107;240;9;10;9
DEG0P;1910;109061;0.99;18545;4956;12;142;104;297;509;3;7;8
DE233;2065;117912;1.00;20201;4833;11;141;96;275;477;4;7;7
DE21N;2202;125734;1.00;20197;4915;11;140;90;258;452;4;7;6
DEG05;1982;113172;1.00;18080;4519;11;142;100;286;493;3;7;8
DEG0G;2128;121509;1.00;19856;4383;11;140;93;267;465;4;7;7
DE25C;1928;110089;1.00;18272;4564;11;142;103;294;505;3;7;7
DE737;2037;116313;1.00;20447;4704;12;141;97;279;483;4;7;8
DEA1F;2120;121052;0.99;24620;4341;13;140;94;268;469;4;7;8
DE94G;5970;340887;0.39;30245;7603;10;129;33;95;221;10;10;9
DEB1B;1904;108718;0.99;18992;6337;12;142;104;298;511;3;7;8
DE71E;1910;109061;1.00;19628;4524;12;142;104;297;509;3;7;8
DE714;1870;106777;1.00;18403;4869;12;143;106;304;518;3;7;7
DE945;5530;315763;0.38;25252;6607;9;129;36;103;230;10;10;9
DEE0E;5408;308797;0.44;36085;10058;12;129;37;105;237;10;10;8
DE94H;6007;343000;0.23;24679;6507;9;129;33;95;219;10;10;9
DE91B;5487;313308;0.37;35035;8033;12;129;36;103;235;10;10;9
DE913;1835;104779;1.00;17865;4748;12;143;108;309;526;3;7;8
DEB39;1811;103408;1.00;18406;4088;12;143;110;313;532;3;7;7
DE24D;2012;114885;1.00;19884;4410;11;141;99;282;487;4;7;7
DEA1A;1901;108547;1.00;20048;4969;12;142;104;299;512;3;7;8
DE263;2272;129731;1.00;21636;6717;12;139;87;250;442;5;7;7
DE26C;2067;118026;1.00;20180;4406;11;141;96;275;477;4;7;7
DE143;2084;118996;1.00;18989;4672;11;141;95;272;473;4;7;6
DEB3A;1994;113857;0.76;19860;7706;15;142;100;285;495;3;7;8
DED45;2013;114942;1.00;18630;4416;11;141;99;282;487;4;7;8