NUTS_ID;verweis
DEB12;Ahrweiler
DE275;Aichach-Friedberg
DE145;Alb-Donau-Kreis
DEG0M;Altenburger Land
DEB13;Altenkirchen (Westerwald)
DEE04;Altmarkkreis Salzwedel
DE214;Altötting
DEB3B;Alzey-Worms
DE231;Amberg
DE234;Amberg-Sulzbach
DE946;Ammerland
DEE05;Anhalt-Bitterfeld
DE251;Ansbach
DE256;Ansbach
DE261;Aschaffenburg
DE264;Aschaffenburg
DE271;Augsburg
DE276;Augsburg
DE947;Aurich
DEB3C;Bad Dürkheim
DE265;Bad Kissingen
DEB14;Bad Kreuznach
DE216;Bad Tölz-Wolfratshausen
DE121;Baden-Baden
DE241;Bamberg
DE245;Bamberg
DE405;Barnim
DED2C;Bautzen
DE242;Bayreuth
DE246;Bayreuth
DE215;Berchtesgadener Land
DE715;Bergstraße
DE300;Berlin
DEB22;Bernkastel-Wittlich
DE146;Biberach
DEA41;Bielefeld
DEB15;Birkenfeld
DE112;Böblingen
DEA51;Bochum
DE147;Bodenseekreis
DEA22;Bonn
DEE07;Börde
DEA34;Borken
DEA31;Bottrop
DE401;Brandenburg an der Havel
DE911;Braunschweig
DE132;Breisgau-Hochschwarzwald
DE501;Bremen
DE502;Bremerhaven
DEE08;Burgenlandkreis
DE12A;Calw
DE931;Celle
DE235;Cham
DED41;Chemnitz
DE948;Cloppenburg
DE243;Coburg
DE247;Coburg
DEB1C;Cochem-Zell
DEA35;Coesfeld
DE402;Cottbus
DE932;Cuxhaven
DE217;Dachau
DE406;Dahme-Spreewald
DE711;Darmstadt
DE716;Darmstadt-Dieburg
DE224;Deggendorf
DE941;Delmenhorst
DEE01;Dessau-Roßlau
DE922;Diepholz
DE277;Dillingen a.d.Donau
DE22C;Dingolfing-Landau
DEF05;Dithmarschen
DE27D;Donau-Ries
DEB3D;Donnersbergkreis
DEA52;Dortmund
DED21;Dresden
DEA12;Duisburg
DEA26;Düren
DEA11;Düsseldorf
DE218;Ebersberg
DEG06;Eichsfeld
DE219;Eichstätt
DEB23;Eifelkreis Bitburg-Prüm
DEG0N;
DE407;Elbe-Elster
DE942;Emden
DE133;Emmendingen
DE949;Emsland
DEA56;Ennepe-Ruhr-Kreis
DE12B;Enzkreis
DE21A;Erding
DEG01;Erfurt
DE252;Erlangen
DE257;Erlangen-Höchstadt
DED42;Erzgebirgskreis
DEA13;Essen
DE113;Esslingen
DEA28;Euskirchen
DEF01;Flensburg
DE248;Forchheim
DEB31;Frankenthal (Pfalz)
DE403;Frankfurt (Oder)
DE712;Frankfurt am Main
DE131;Freiburg im Breisgau
DE21B;Freising
DE12C;Freudenstadt
DE225;Freyung-Grafenau
DE94A;Friesland
DE732;Fulda
DE21C;Fürstenfeldbruck
DE253;Fürth
DE258;Fürth
DE21D;Garmisch-Partenkirchen
DEA32;Gelsenkirchen
DEG02;Gera
DEB3E;Germersheim
DE721;Gießen
DE914;Gifhorn
DE114;Göppingen
DED2D;Görlitz
DE916;Goslar
DEG0C;Gotha
DE91C;Göttingen
DE94B;Grafschaft Bentheim
DEG0L;Greiz
DE717;Groß-Gerau
DE278;Günzburg
DEA42;Gütersloh
DEA53;Hagen
DEE02;Halle (Saale)
DE600;Hamburg
DE923;Hameln-Pyrmont
DEA54;Hamm
DE933;Harburg
DEE09;Harz
DE267;Haßberge
DE408;Havelland
DE938;Heidekreis
DE125;Heidelberg
DE11C;Heidenheim
DE117;Heilbronn
DE118;Heilbronn
DEA29;Heinsberg
DE917;Helmstedt
DEA43;Herford
DEA55;Herne
DE733;Hersfeld-Rotenburg
DEF06;Herzogtum Lauenburg
DEG0E;Hildburghausen
DE925;Hildesheim
DEA57;Hochsauerlandkreis
DE718;Hochtaunuskreis
DE244;Hof
DE249;Hof
DE119;Hohenlohekreis
DE926;Holzminden
DEA44;Höxter
DEG0F;Ilm-Kreis
DE211;Ingolstadt
DEG03;Jena
DEE06;Jerichower Land
DEB3F;Kaiserslautern
DEB32;Kaiserslautern
DE122;Karlsruhe
DE123;Karlsruhe
DE731;Kassel
DE734;Kassel
DE272;Kaufbeuren
DE226;Kelheim
DE273;Kempten (Allgäu)
DEF02;Kiel
DE268;Kitzingen
DEA1B;Kleve
DEB11;Koblenz
DEA23;Köln
DE138;Konstanz
DEA14;Krefeld
DE24A;Kronach
DE24B;Kulmbach
DEB3G;Kusel
DEG0A;Kyffhäuserkreis
DE722;Lahn-Dill-Kreis
DEB33;Landau in der Pfalz
DE21E;Landsberg am Lech
DE221;Landshut
DE227;Landshut
DE94C;Leer
DED51;Leipzig
DED52;Leipzig
DEA24;Leverkusen
DE24C;Lichtenfels
DE723;Limburg-Weilburg
DE27A;Lindau (Bodensee)
DEA45;Lippe
DE139;Lörrach
DEF03;Lübeck
DE934;Lüchow-Dannenberg
DE115;Ludwigsburg
DEB34;Ludwigshafen am Rhein
DE80O;Ludwigslust-Parchim
DE935;Lüneburg
DEE03;Magdeburg
DE719;Main-Kinzig-Kreis
DE26A;Main-Spessart
DE11B;Main-Tauber-Kreis
DE71A;Main-Taunus-Kreis
DEB35;Mainz
DEB3J;Mainz-Bingen
DE126;Mannheim
DEE0A;Mansfeld-Südharz
DE724;Marburg-Biedenkopf
DE409;Märkisch-Oderland
DEA58;Märkischer Kreis
DEB17;Mayen-Koblenz
DE80J;Mecklenburgische Seenplatte
DED2E;Meißen
DE274;Memmingen
DEC02;Merzig-Wadern
DEA1C;Mettmann
DE21F;Miesbach
DE269;Miltenberg
DEA46;Minden-Lübbecke
DED43;Mittelsachsen
DEA15;Mönchengladbach
DE21G;Mühldorf a.Inn
DEA16;Mülheim an der Ruhr
DE212;München
DE21H;München
DEA33;Münster
DE127;Neckar-Odenwald-Kreis
DE279;Neu-Ulm
DE21I;Neuburg-Schrobenhausen
DE236;Neumarkt i.d.OPf.
DEF04;Neumünster
DEC03;Neunkirchen
DE25A;Neustadt a.d.Aisch-Bad Windsheim
DE237;Neustadt a.d.Waldnaab
DEB36;Neustadt an der Weinstraße
DEB18;Neuwied
DE927;Nienburg (Weser)
DEF07;Nordfriesland
DEG07;Nordhausen
DED53;Nordsachsen
DE80M;Nordwestmecklenburg
DE918;Northeim
DE254;Nürnberg
DE259;Nürnberger Land
DE27E;Oberallgäu
DEA2A;Oberbergischer Kreis
DEA17;Oberhausen
DE40A;Oberhavel
DE40B;Oberspreewald-Lausitz
DE71B;Odenwaldkreis
DE40C;Oder-Spree
DE71C;Offenbach
DE713;Offenbach am Main
DE94D;Oldenburg
DE943;Oldenburg (Oldb)
DEA59;Olpe
DE134;Ortenaukreis
DE944;Osnabrück
DE94E;Osnabrück
DE11D;Ostalbkreis
DE27B;Ostallgäu
DE936;Osterholz
DEF08;Ostholstein
DE40D;Ostprignitz-Ruppin
DEA47;Paderborn
DE222;Passau
DE228;Passau
DE91A;Peine
DE21J;Pfaffenhofen a.d.Ilm
DE129;Pforzheim
DEF09;Pinneberg
DEB37;Pirmasens
DEF0A;Plön
DE404;Potsdam
DE40E;Potsdam-Mittelmark
DE40F;Prignitz
DE124;Rastatt
DE148;Ravensburg
DEA36;Recklinghausen
DE229;Regen
DE232;Regensburg
DE238;Regensburg
DE929;Region Hannover
DEC01;Regionalverband Saarbrücken
DE116;Rems-Murr-Kreis
DEA18;Remscheid
DEF0B;Rendsburg-Eckernförde
DE141;Reutlingen
DEA27;Rhein-Erft-Kreis
DEB1D;Rhein-Hunsrück-Kreis
DEA1D;Rhein-Kreis Neuss
DEB1A;Rhein-Lahn-Kreis
DE128;Rhein-Neckar-Kreis
DEB3I;Rhein-Pfalz-Kreis
DEA2C;Rhein-Sieg-Kreis
DE71D;Rheingau-Taunus-Kreis
DEA2B;Rheinisch-Bergischer Kreis
DE266;Rhön-Grabfeld
DE213;Rosenheim
DE21K;Rosenheim
DE803;Rostock
DE80K;Rostock
DE937;Rotenburg (Wümme)
DE25B;Roth
DE22A;Rottal-Inn
DE135;Rottweil
DEG0J;Saale-Holzland-Kreis
DEG0K;Saale-Orla-Kreis
DEE0B;Saalekreis
DEG0I;Saalfeld-Rudolstadt
DEC04;Saarlouis
DEC05;Saarpfalz-Kreis
DED2F;Sächsische Schweiz-Osterzgebirge
DE912;Salzgitter
DEE0C;Salzlandkreis
DE928;Schaumburg
DEF0C;Schleswig-Flensburg
DEG0B;Schmalkalden-Meiningen
DE255;Schwabach
DE11A;Schwäbisch Hall
DE735;Schwalm-Eder-Kreis
DE239;Schwandorf
DE136;Schwarzwald-Baar-Kreis
DE262;Schweinfurt
DE26B;Schweinfurt
DE804;Schwerin
DEF0D;Segeberg
DEA5A;Siegen-Wittgenstein
DE149;Sigmaringen
DEA5B;Soest
DEA19;Solingen
DEG0D;Sömmerda
DEG0H;Sonneberg
DEB38;Speyer
DE40G;Spree-Neiße
DEC06;St. Wendel
DE939;Stade
DEA2D;Städteregion Aachen
DE21L;Starnberg
DEF0E;Steinburg
DEA37;Steinfurt
DEE0D;Stendal
DEF0F;Stormarn
DE223;Straubing
DE22B;Straubing-Bogen
DE111;Stuttgart
DEB3H;Südliche Weinstraße
DEB3K;Südwestpfalz
DEG04;Suhl
DE40H;Teltow-Fläming
DE23A;Tirschenreuth
DE21M;Traunstein
DEB21;Trier
DEB25;Trier-Saarburg
DE142;Tübingen
DE137;Tuttlingen
DE40I;Uckermark
DE93A;Uelzen
DE144;Ulm
DEA5C;Unna
DEG09;Unstrut-Hainich-Kreis
DE27C;Unterallgäu
DE94F;Vechta
DE93B;Verden
DEA1E;Viersen
DE725;Vogelsbergkreis
DED44;Vogtlandkreis
DE80N;Vorpommern-Greifswald
DE80L;Vorpommern-Rügen
DEB24;Vulkaneifel
DE736;Waldeck-Frankenberg
DE13A;Waldshut
DEA38;Warendorf
DEG0P;Wartburgkreis
DE233;Weiden i.d.OPf.
DE21N;Weilheim-Schongau
DEG05;Weimar
DEG0G;Weimarer Land
DE25C;Weißenburg-Gunzenhausen
DE737;Werra-Meißner-Kreis
DEA1F;Wesel
DE94G;Wesermarsch
DEB1B;Westerwaldkreis
DE71E;Wetteraukreis
DE714;Wiesbaden
DE945;Wilhelmshaven
DEE0E;Wittenberg
DE94H;Wittmund
DE91B;Wolfenbüttel
DE913;Wolfsburg
DEB39;Worms
DE24D;Wunsiedel i.Fichtelgebirge
DEA1A;Wuppertal
DE263;Würzburg
DE26C;Würzburg
DE143;Zollernalbkreis
DEB3A;Zweibrücken
DED45;Zwickau